,Comapny_Name,Role,City/Zip,Datetime_Posted
0,Buzz Housekeeping,newOffice Cleaner,London,2 days ago
1,Iceland,newCleaner - Seasonal (London),London,1 day ago
2,Sadler’s Wells,newCleaner,Islington,6 days ago
3,Nandos,newNight Cleaner,London SW1V 1DZ,Today
4,Rendall & Rittner,Cleaner,Lambeth+2 locations,9 days ago
5,The Hoxton - Shoreditch,Night Cleaner,London EC2A 3HU,14 days ago
6,The Hoxton - Southwark,Night Cleaner,London SE1,13 days ago
7,Virgin Active,Female Cleaner,London EC1V 7DG,15 days ago
8,Rendall & Rittner,newCleaning Operative,Southwark SE1+1 location,7 days ago
9,Norse Group,newCleaner - Wessex Garden School,London,2 days ago
11,National Express,newCleaner / Shunter,Victoria,7 days ago
12,Maid2Clean,Private House Cleaner,Highbury+1 location,8 days ago
13,Buzz Bingo,Cleaner,London,12 days ago
15,Cleveland Clinic London,newHousekeeping Assistant- Domestic Cleaner,London SW1X 7HY,5 days ago
18,TC Facilities Management,Cleaner,London+2 locations,9 days ago
19,Maid2Clean,Private Cleaner,Haringey,15 days ago
20,Sodexo,Evening Cleaner,Greater London,27 days ago
21,Rendall & Rittner,Temporary Cleaner,London,20 days ago
23,Roman Catholic Diocese of Westminster,Cleaner Caritas St Joseph’s,London,12 days ago
24,Unite Students,newHousekeeper,London E20,7 days ago
25,Iceland,newCleaner (London),London,5 days ago
27,Humankind Charity,newCleaner,Haringey,Today
29,Virgin Active,Male Cleaner,London E14 8RR,14 days ago
30,J D Wetherspoon plc,"newCleaner / 7249 - The London & Western, Clapham Junction",London SW11 1LJ,2 days ago
32,Royal Free London NHS Foundation Trust,newBand 2 Decontamination Driver / Porter,London EN1,5 days ago
33,Zizzi,Cleaner,London SW5 9QF,11 days ago
35,Premier Inn,Team Member - Housekeeping,London SE1 3LP,12 days ago
36,The Royal Marsden NHS Foundation Trust,newHousekeeper,Chelsea,Today
37,ecosense cleaning,newCleaner required Covent Garden,Covent Garden+1 location,5 days ago
38,King Edward VII's Hospital,newTheatre Porter,London,7 days ago
39,AEG,Cleaning Operative,London E14 0FP,9 days ago
40,Bouygues Energies & Services Solutions,newHousekeeping Assistants - 06:00-10:00 - Mon to Fri,Southwark,5 days ago
41,Mears Group,Cleaner,London,16 days ago
42,The Hoxton - Southwark,Room Attendant,London SE1,22 days ago
43,Nuffield Health,newCleaner,Paddington,5 days ago
44,Premier Inn,Room Attendant,London SE1,16 days ago
45,St Pancras Hotel Group,newHousekeeper,London,2 days ago
46,Premier Inn,Room Attendant,London SE1,16 days ago
47,Mears Group,Cleaner,London,16 days ago
48,"Marriott International, Inc",newLuggage Porter,London W1J 7BX,5 days ago
49,ecosense cleaning,newCleaner required Covent Garden,Covent Garden+1 location,5 days ago
50,Mitie,newCleaning Operative,London E9 6ND,Just posted
52,Blue Arrow,newCleaner,London WC2R 2LS,7 days ago
53,Aspen Healthcare,newHousekeeper,London,4 days ago
54,Claibon,Cleaner / Estate Operative,London,24 days ago
55,Nuffield Health,newCleaner,Paddington,5 days ago
56,Bouygues Energies & Services Solutions,"School Cleaners - 15hrs p/week - 16:00-19:00, Mon-Fri",Shoreditch,19 days ago
57,Premier Inn,Team Member - Room Attendant,London SE1 9EF,16 days ago
59,The Hoxton - Holborn,Room Attendant,London WC1V 7BD,21 days ago
61,Progressis,CALLING ALL DAILY HOUSEKEEPERS - London,London,14 days ago
62,Tiger Recruitment Ltd,newUrgent House Keepers - Permanent - North London,London,5 days ago
63,ecosense cleaning,newImmediate start cleaner needed - Mayfair,London,5 days ago
64,Progressis,DAILY HOUSEKEEPER 8-3pm Kensington,London,22 days ago
65,wagamama,newKitchen porter,Canary Wharf E14 5NY+10 locations,Today
66,ecosense cleaning,Evening Cleaner required Immediate Start - St Paul,London,20 days ago
69,Elior,Cleaner,Leyton,20 days ago
72,Premier Inn,newTeam Member - Housekeeping London City Tower Hill,London E1 8BB,5 days ago
73,Welcome Break,newRoom Attendant,London,1 day ago
74,Portman Dental Care Ltd,Cleaner,London,22 days ago
75,First Port,Cleaning operative,London,26 days ago
76,Nuffield Health,newClean Team Member - Barbican Fitness & Wellbeing Centre,Barbican,1 day ago
77,Splendid Hospitality,Luggage Porter,London,10 days ago
78,Bouygues Energies & Services Solutions,"Office Cleaner - 06:00-14:00, Mon to Fri",Vauxhall,12 days ago
79,Royal Free London Property Services Limited,newPears Institute Housekeeper,London NW3 2QG,1 day ago
81,Nuffield Health,Cleaner Team Supervisor,Covent Garden,8 days ago
83,Fuller's,Housekeeper,London EC3N 1NU,8 days ago
86,Bouygues Energies & Services Solutions,"Office Cleaner - 1400-1800, Mon to Fri",Vauxhall,12 days ago
87,Four Seasons,newRoom Attendant,London,5 days ago
89,Churchill Service Solutions,Cleaning Operative,London,19 days ago
90,Anchor Trust,"Housekeeper - Silk Court, Bethnal Green",London E2 6LQ+1 location,17 days ago
91,ecosense cleaning,newNight shift Mobile Cleaner Required - London,London,Today
92,ENGIE,Cleaning Operative,London,9 days ago
93,Rocco Forte Hotels,Housekeeping Linen Porter - £9.21 per hour,London,19 days ago
94,Premier Inn,newHousekeeping,London,1 day ago
95,C&C,Domestic Assistants (Cleaning Assistants),London+1 location,12 days ago
97,Holiday Inn,newHousekeeper,London,1 day ago
100,J D Wetherspoon plc,"newCleaner / 635 - The Asparagus, Battersea",London SW11 2PL,Today
102,Kimpton (outside the Americas),newHousekeeper,London,1 day ago
103,Sugarman Education,Cleaner,London,22 days ago
104,Premier Work Support,newCleaning Operatives,London,Today
108,ecosense cleaning,newNight Cleaner required Immediate Start - Canning Town,Canning Town Station,5 days ago
112,Hilton Hotels & Resorts,Room Attendant (Casual),London,20 days ago
113,LXR by Hilton,newRoom Attendant,London,2 days ago
115,"Marriott International, Inc",newRoom Attendant,London E14 4ED,5 days ago
116,Aramark,Cleaning Services Worker,London SW1H 9EU,14 days ago
117,Pertemps Network Group,Contract Manager - Cleaning,London,20 days ago
118,The Newcastle upon Tyne Hospitals NHS Foundation...,newWard Housekeeper,Royal Victoria Station,2 days ago
120,Nuffield Health,Clean team,Covent Garden+1 location,13 days ago
121,Melia Hotels International,Room attendant,London,8 days ago
122,Sodexo,Cleaner,London,30 days ago
123,Gather & Gather,Kitchen Porter,London,14 days ago
125,Dorchester Collection,newEvening room attendant,London W1K 1QA,7 days ago
128,HomeOrganisers Ltd,newDaily Housekeeper Nanny,London,Today
130,North Downs Cleaning and Maintenance Ltd,newMorning Cleaner,London,1 day ago
133,Total Care Facilites Ltd,Cleaning Area Manager,London,13 days ago
136,Maybourne Hotel Group,Evening Room Attendant,London,26 days ago
138,Exclusive Household Staff,newHouse Porter,London,Today
140,hub by Premier Inn,Housekeeping Manager,London E1 6SN,9 days ago
141,Leaman Consulting,Live Out Housekeeper in Mayfair - ASAP Start,London,14 days ago
142,Care UK Residential Care Services,newDomestic,London N7 7DS,Today
143,SOFITEL,newHousekeeping Attendant,London SW1Y,1 day ago
144,Fuller's,Kitchen Porter,London N1 0EB,9 days ago
145,Splendid Hospitality,newConference & Banqueting Porter,London,1 day ago
146,Priory Group,Housekeeper Weekend,London,9 days ago
147,Exclusive Household Staff,newLive-out Housekeeper,London,6 days ago
148,Progressis,newDAILY HOUSEKEEPER/COOK - Mayfair,Mayfair,1 day ago
150,KT&T Limited,newHotel Cleaner,London+1 location,1 day ago
151,Setsquare Recruitment,Cleaner,London,12 days ago
153,LXR by Hilton,newAssistant Executive Housekeeper,London,2 days ago
154,The Property Recruitment Company,newHEAD HOUSEKEEPER - CENTRAL LONDON,London,2 days ago
155,FAIRMONT,"newEvent/ Banqueting Porter, The Savoy",London WC2N 5DN,2 days ago
156,Hilton Hotels & Resorts,newNight Porter,London,1 day ago
157,Progressis,newDAILY HOUSEKEEPER - FLUENT TAGALOG,London+1 location,1 day ago
159,The London Clinic,newHousekeeping Assistant (Evenings),London W1G,2 days ago
160,Interserve,Domestic Assistant,London NW1,9 days ago
161,ecosense cleaning,Night Cleaner required - Monument,Monument Station,21 days ago
162,Melia Hotels International,Housekeeping Porter,London,15 days ago
165,Nuffield Health,newCleaning Team Leader - Barbican Fitness & Wellbeing Centre,Barbican,1 day ago
166,Norse Group,Casual Cleaner - Enfield,London,20 days ago
168,WGC,newHead Housekeeper,London W2 3NA,1 day ago
169,"Marriott International, Inc",newPublic Area Cleaner Casual/Zero hours - JW Marriott Grosveno...,London W1K,Today
170,Resourcing Group,Estate Cleaner,London,8 days ago
171,Abbatt Property Services,Cleaner,London,9 days ago
173,APJ SERVICES (LONDON) LTD,newBus Cleaner,London,1 day ago
174,hub by Premier Inn,newhub Team Member - Room Attendant - £9.91ph - Permanent Full...,London SW1H 0DJ,6 days ago
177,Resourcing Group,cleaner,London,17 days ago
178,"Marriott International, Inc",newFacility Porter- HouseKeeping,London W1K 6JP,Today
179,Resourcing Group,Touch Point Cleaner,London,17 days ago
180,Nuffield Health,newMale Clean Team Member,Shoreditch+1 location,7 days ago
182,Premier Inn,Premier Inn London Kings Cross Team Member - Housekeeping,London N1 9AA,16 days ago
184,Aramark,newKitchen Porter,London E14 5JP,Today
185,One Aldwych Hotel,newEvening Room Attendant,London,1 day ago
188,Mandarin Oriental Hotel Group,newRoom Attendant,London,2 days ago
190,Fuller's,Head Housekeeper,London SW1H 9LA,10 days ago
192,Mission Care UK,Domestic Assistant,London,8 days ago
193,Bouygues Energies & Services Solutions,Cleaner (Nights) - 2100-0600,Southwark,8 days ago
194,Adecco UK,newSchool Cleaner,London,1 day ago
195,WGC,newHotel Room Cleaner,London W1A,5 days ago
197,ETM Group,Kitchen Porter,London EC2M 2QS,29 days ago
198,INNOV8 Cleaning Solutions Limited,Ambulance Deep Clean Operative,London,20 days ago
199,Doubletree by Hilton,Conference and Banqueting Porter,London,22 days ago
201,Service Care Solutions,Cleaner,London,9 days ago
202,Bee Quality Services UK Limited,newCleaner,London,1 day ago
203,Claibon,newCleaning Operative – temp to perm,London E15,5 days ago
204,Exclusive Household Staff,newWeekend Housekeeper,London,Today
205,Splendid Hospitality,Housekeeper,Euston,21 days ago
206,Jumeirah,Housekeeping Office Coordinator - The Carlton Tower Jumeirah,London,22 days ago
207,Progressis,newLIVE-IN HOUSEKEEPER - Mayfair,Mayfair,3 days ago
208,Blue Arrow,newCleaning Operative,London E14,7 days ago
209,Wecasa,newDomestic Cleaner Self Employed,London,3 days ago
211,St Pancras Hotel Group,"Room Attendant - New Opening, 4* Townhouse",London,12 days ago
212,ecosense cleaning,Weekend Cleaner required Immediate Start - Manor House,Manor House Station,9 days ago
213,hub by Premier Inn,newhub Team Member - Housekeeping,London WC1E 7HN,3 days ago
217,Melia Hotels International,Housekeeping Supervisor 1,London,15 days ago
218,Essential Employment,newStreet Cleaning Operative,London,2 days ago
219,Abbatt Property Services,newCleaners and Caretakers - Immediate Start,London,6 days ago
220,PPHE Hotel Group,newNight Kitchen Porter,London,6 days ago
221,Marshall Harber,Live In Housekeeper,London+1 location,22 days ago
223,Unilever,Global CMI D4G/Fabric Cleaning,London,26 days ago
224,ecosense cleaning,newMobile Night Cleaner London,London,1 day ago
226,Grafternow,Cleaner,London,11 days ago
227,Ganymede Solutions Ltd,PTS Train Cleaner - Based at Cricklewood - Night Shift (You...,London+1 location,26 days ago
228,"Marriott International, Inc",Housekeeping Attendant,London W1J 7BX,9 days ago
229,Daniel Owen- UK,Cleaner,London,16 days ago
231,hub by Premier Inn,hub Team Member - Housekeeping Room Attendant,London SW1H 9LL,16 days ago
233,Xtraclene cleaning co,mobile estate cleaner,London,17 days ago
234,My cleaners LTD,Cleaner,London,22 days ago
235,Pertemps Network Group,newBusiness Development Manager - Commercial Cleaning,London,6 days ago
238,Susan Hamilton Group,House Keeper,London,19 days ago
239,The Hoxton - Southwark,Public Area Attendant,London SE1,26 days ago
240,hub by Premier Inn,newhub Team Member - Housekeeping hub King's Cross,London N1 9FA,3 days ago
243,Kingston Centre for Independent Living Ltd,Cleaner,London,15 days ago
244,InterContinental Hotels,newHousekeeper - Self Checker,London,1 day ago
248,Lexington Catering,newKitchen Porter,London,3 days ago
252,Bouygues Energies & Services Solutions,School Cleaning Supervisor,Shoreditch,19 days ago
254,Sodexo,Kitchen Porter,London,29 days ago
260,Roshe Power Ltd,newCleaner,North London,1 day ago
261,"Marriott International, Inc",newCasual Room Attendant,London NW1 2AR,7 days ago
262,Platinum Hospitality,HOUSEKEEPER – UHNW,North London,20 days ago
263,North Downs Cleaning and Maintenance Ltd,newEARLY MORNING CLEANER,London,1 day ago
264,Eden Private Staff,Live in Housekeeper Nanny,London,11 days ago
265,Dorchester Collection,newSenior Housekeeper,London W1K 1QA,7 days ago
266,Claibon,Head Porter,London NW8,26 days ago
267,Four Seasons,Steward / Kitchen Porter,London,13 days ago
268,KT&T Limited,Cleaner,London,24 days ago
269,Alliance Care Professionals,"Domestic, Cleaner",London,22 days ago
270,Morgan Hunt,newHousekeeper/cleaner,London,1 day ago
271,Four Seasons,Residence Public Area Housekeeping Attendant,London,20 days ago
273,WGC,newAssistant Head Housekeeper,London E1W,5 days ago
275,Resourcing Group,BAU Cleaners,London,17 days ago
276,"Marriott International, Inc",newLuggage Porter Casual,London W1J 7BX,5 days ago
278,Aramark,Cleaning Services Worker II - Salaried,London SW7 1SE,14 days ago
279,Conrad Hotels & Resorts,Evening Housekeeping Supervisor,London,22 days ago
280,Zebra Nursing and Employment LTD,Domestic Cleaner,London,17 days ago
283,Resourcing Group,Day Janitor,London,17 days ago
284,Malmaison & Frasers,"newRoom Attendant, Hotel Du Vin",London,1 day ago
285,Malmaison & Frasers,"newRoom Attendant, Malmaison",London,1 day ago
287,Brook Street,Hygiene Operative / Cleaner - WEEKENDS ONLY FRI - SUN,London,29 days ago
288,Morgan Hunt,Deep Cleaner,London,29 days ago
289,swift office cleaning,newEarly Morning Cleaner,London RM7,1 day ago
290,Aspen Healthcare,newHousekeeper – Weekend,London,4 days ago
291,"Marriott International, Inc",Night Housekeeping Porter (Kensington),London SW5 0TH,8 days ago
294,Jumeirah,Housekeeping Manager - The Carlton Tower Jumeirah,London,22 days ago
295,Unilever,"newFinance Manager – Fabric Cleaning, Home Care",London,6 days ago
296,"Marriott International, Inc",newAssistant Style/Housekeeping Manager,London W1D 6QF,6 days ago
297,Bouygues Energies & Services Solutions,Kitchen Porter,Southwark,29 days ago
298,Melia Hotels International,Housekeeping Public Area Supervisor,London,15 days ago
299,Blue Arrow,Room attendant,London EC2M,23 days ago
300,Premier Inn,Head Housekeeper,London WC2H,9 days ago
301,Search Consultancy,Night Cleaners Needed - Standard DBS Required,London,16 days ago
302,Eden Private Staff,newLive in Nanny Housekeeper,London DA8+1 location,2 days ago
303,Sugarman Education,Janitor,London,9 days ago
305,L.A.B. Facilities Management Ltd,Window Cleaner Professional,London E20,22 days ago
307,INNOV8 Cleaning Solutions Limited,Premise Cleaner,Great Portland Street Station,11 days ago
308,Rocco Forte Hotels,Full time/Part time Room Attendant - £9.21 per hour,London,19 days ago
309,"Marriott International, Inc",Housekeeping Supervisor (Kensington),London SW5 0TH,8 days ago
313,PPHE Hotel Group,Assistant Head Housekeeper,London,23 days ago
316,"Marriott International, Inc",Housekeeping Attendant at London Marriott Hotel Regents Park,London NW3 3ST,15 days ago
318,Enviro-Solve Cleaning Services,"Cleaner, Driver",London SW9 8SE,17 days ago
320,Sanctuary Care,newHousekeeping Assistant,London,6 days ago
321,"Marriott International, Inc",Kitchen Porter,London NW1 2AR,28 days ago
323,"Marriott International, Inc",Housekeeping Porter at London Marriott Hotel Regents Park,London NW3 3ST,15 days ago
324,Resourcing Group,Part Time Cleaning Operative,London,17 days ago
325,Tiger Recruitment Ltd,"16 week live-in housekeeping placement, Berkshire",London,14 days ago
326,The Property Recruitment Company,PART TIME HOUSEKEEPER - CENTRAL LONDON (BTR),London,12 days ago
328,Angel Human Resources,Cleaners,London,20 days ago
331,"Marriott International, Inc",Casual Housekeeping Room Attendant (Marble Arch),London W1H,14 days ago
332,Angel Human Resources,Cleaners,London,20 days ago
333,"Marriott International, Inc",Housekeeping Porter at London Marriott Hotel Regents Park,London NW3 3ST,15 days ago
334,A Total Kleaning London Ltd,newCleaning Operative,London,1 day ago
336,Malmaison & Frasers,"newNight Porter, Hotel Du Vin",London,4 days ago
338,Malmaison & Frasers,"newHousekeeping Supervisor, Malmaison",London,5 days ago
340,Resourcing Group,Part Time Cleaning Operative,London,17 days ago
343,Search Consultancy,Housekeeper,London,22 days ago
347,PDA Search and Selection,Mobile Cleaner - Essex / East London,London,9 days ago
349,Tiger Recruitment Ltd,newHousekeeper (25 hours pw),London,8 days ago
350,Multi Clean Services Ltd,Experienced cleaner,London,24 days ago
351,APJ SERVICES (LONDON) LTD,newCleaning operative,London,1 day ago
356,Claibon,newHead Porter / Concierge,London SW3,1 day ago
358,Brook Street,Factory Cleaner,London,13 days ago
359,KT&T Limited,Room Attendant,London,24 days ago
360,Page Personnel - UK,CSCS Cleaner,London,13 days ago
361,ecosense cleaning,Night Cleaner required Immediate Start - Manor House (Matern...,Manor House Station,14 days ago
362,Exclusive Household Staff,Part-time Housekeeper,London,12 days ago
363,APJ SERVICES (LONDON) LTD,newBus Cleaning Operative,East London+1 location,1 day ago
365,Total Care Facilites Ltd,newCleaning Supervisor,London,1 day ago
366,Nine Hotel Group,HouseKeeping Manager,London,8 days ago
367,Nandos,newKitchen porter,London WC2N 4HG,2 days ago
368,TB Cleans Ltd,Cleaner,London,22 days ago
370,Bouygues Energies & Services Solutions,Housekeeping Assistant - Weekends 07:00 to 18:00,Southwark,12 days ago
371,Eden Private Staff,newPart time Nanny Housekeeper,London+1 location,Today
372,Accor HQ,"newEvent/ Banqueting Porter, The Savoy",London,Today
374,Progressis,RUSSIAN SPEAKING HOUSEKEEPER - Highgate,London,24 days ago
375,The Rubens at the Palace Hotel,newHousekeeping Floor Supervisor,London,1 day ago
379,Malmaison & Frasers,"Head Housekeeper, Hotel Du Vin",London,15 days ago
382,Sadler’s Wells,newCleaning and Housekeeping Team Leader,Islington,6 days ago
383,Eden Private Staff,Part-time Housekeeper Nanny,Wapping,23 days ago
384,InterContinental Hotels,newHousekeeper,London,1 day ago
387,Exclusive Household Staff,newLive-out Housekeeper/Nanny,London,5 days ago
388,Morgan Hunt,Fleet Manager / Porter,London,16 days ago
390,Eden Private Staff,Part time Housekeeper Nanny,London,12 days ago
391,Helpwiz Ltd.,newDomestic Cleaner in London,London,1 day ago
394,Synergy Health (UK) Ltd,Porter,New Cross,20 days ago
395,Exclusive Household Staff,newLive-in Housekeeper/Cook,London,6 days ago
396,Tiger Recruitment Ltd,"Highly Experienced Live-in Housekeeper, Roehampton",London,15 days ago
397,Resourcing Group,newDeep clean services team leader,London,6 days ago
398,Agents Army Ltd,newEnd of Tenancy Cleaning,London,1 day ago
399,Brook Street,"newCleaning Supervisor - Permanent Part, Time Position",London,1 day ago
400,"Jury's Inn Hotel, London",newNight Porter,London,1 day ago
403,St Pancras Hotel Group,Room Attendant - 5* Boutique Hotel,London,12 days ago
404,Win Win Lettings,newHousekeeper,London,1 day ago
408,PPHE Hotel Group,Kitchen Porter,London,9 days ago
412,Dorchester Collection,newLinen porter,London W1K 1QA,7 days ago
414,Claibon,Night Porter,London SW7,12 days ago
417,Sanctuary Care,newBank Housekeeping Assistant,London,5 days ago
418,Eden Private Staff,Live-out Housekeeper Cook,South Kensington SW7,14 days ago
421,Aspen Healthcare,Housekeeper – Bank,London,30 days ago
424,Aramark Defence Ltd,Kitchen Porter,London NW1,18 days ago
425,Claibon,Live In Head Porter,London NW8,26 days ago
426,Brook Street,3.5t Driver/ Porter,North London,10 days ago
428,"Marriott International, Inc",Assistant Housekeeping Manager (Kensington),London SW5 0TH,8 days ago
429,Blue Arrow,Building cleaners with CSCS card,West End,13 days ago
430,Claibon,Temporary Porter with full UK/EU Driving Licence,London NW8,16 days ago
431,Buck's Club,newKitchen Porter,London W1S,1 day ago
434,We cook for you,newKitchen Porter (KP),East London,5 days ago
436,Eden Private Staff,Part-time Nanny focussed Housekeeper,St. John's Wood NW8,13 days ago
437,HLP Leisure Ltd.,newNight Porter,London,7 days ago
439,Maybourne Hotel Group,Housekeeping Floor Supervisor,London,29 days ago
441,"Marriott International, Inc",Night Guest Room Attendant,London NW1 2AR,15 days ago
442,Elior,Kitchen Assistant/Porter,Leyton,20 days ago
444,1st Step Solutions Ltd,Labourer/ Cleaning Operative,London+1 location,23 days ago
445,Aston Services Group,newEvening Cleaner,London,3 days ago
446,Cleaning Express,newCleaner - private homes,East London+2 locations,Just posted
447,Galvin La Chapelle,newKitchen Assistant/Cleaner,London E1 6DY,7 days ago
448,JIANCHUAN LTD,Full time Domestic cleaner,London SE1 1SZ,18 days ago
450,SQP Ltd,newEvening Cleaner,London E14 9WS,1 day ago
451,Cleaning Express,newCommercial and Domestic Cleaner,London+1 location,7 days ago
452,Pizza Express,newCleaner,London EC2M+12 locations,Today
453,Kingdom,Full Time Cleaner,London EC4A 4AU,21 days ago
454,SMC,newCleaner,London SE1 1TE,1 day ago
455,Evo Cleaning,newRestaurant Cleaner near Bond St. 2hrs/day 10:00 - 12:00. £9....,London W1U 3RD,Today
456,J D Wetherspoon plc,"newCleaner / 550 - The Liberty Bounds, London",London EC3N 4AA,4 days ago
457,Lime_tree cleaners london ltd,End of tenancy cleaner,London,14 days ago
458,14forty,Cleaner - Part Time,London EC1A 4HT,13 days ago
459,Cleanzy,Domestic Cleaner: London,London SW1P 2PF,17 days ago
460,Atalian Servest,newTrain Cleaner,London SW8 2QL,1 day ago
461,K. Burrett Cleaning Services Ltd.,"newCleaner (Monday, Wednesday, Friday 5.30am)",London W1F,Just posted
462,ALLEYNS SCHOOL DULWICH,newEarly Morning School Cleaner,London SE22 8SU,3 days ago
463,JPC Cleaning,newEstate Cleaner,London EC3V,6 days ago
464,KMS Ltd,newEvening Cleaner - K after 6pm - 2 hours a day - E2 8DP,London E2 8DP,2 days ago
465,CIAR Property Services Ltd,newFull time cleaner £21k per annum permanent position,London,1 day ago
466,Brigit's Afternoon Tea Ltd.,newBus Cleaner,London SE16 2DB,5 days ago
467,KMS Ltd,Brixton Evening Cleaner. Key Job,London SW9,20 days ago
468,Lemon Tree,newNight Time Cleaner- Victoria,London,7 days ago
469,ServiceMaster SE London,Primary School Cleaner,Rotherhithe SE16,8 days ago
470,Shiva Ltd,Housekeep/Cleaner,London SE1,30 days ago
471,Regular Cleaning,newSite Cleaning Manager,London WC2R 0BP,2 days ago
472,Casna Group,Night Cleaner,London,9 days ago
473,Dunne&Dusted Cleaning and Maintenance,newCleaner,London,4 days ago
474,Assist,newDomestic Cleaner,London,Today
475,Bison,newCleaner (part-time),London WC2E,1 day ago
476,Cleaning Express,Full time or part time Domestic cleaner,London+1 location,14 days ago
477,Sahara Grill,newKitchen & Grill Cleaner,East London E1 1HH+1 location,2 days ago
478,Cleaning Express,Domestic House Cleaner,London+1 location,15 days ago
479,Britannia Integrated Services lTD,Cleaner,London,8 days ago
480,May Harris Multi Services,"School Cleaner, Afternoons (N1 5JN)",London N1 5DS,14 days ago
481,Leonardo Hotels - Rena Health Club & Spa - 3d...,newCleaner (part-time),London EC3N 2BQ,3 days ago
482,Cleaning Express,newEnd of tenancy cleaner,East London+1 location,Just posted
483,Plus Cleaning,Domestic Cleaner,London EC2A,14 days ago
484,Victoria Inn Hotel,newHotel Cleaner,London SW1V 2BG,2 days ago
485,Travelodge,newHousekeeping Team Member - Part Time - 20 hours per week,London E1,2 days ago
486,Cleantec Services Limited,newArea Manager Cleaning,London EN1,7 days ago
487,M2G,newCleaner ( Ealing),London,2 days ago
488,Nationwide Cleaning Services,Cleaner,London,12 days ago
489,St Francis' Catholic Primary School,Cleaner (part-time),London E15 1HB,27 days ago
490,Leaped Performance Ltd,newHousekeeper,London W2,3 days ago
491,Armour Property Services,newCleaner,London IG1,6 days ago
492,Ridge Crest Cleaning Services,newWorking Team Leader School Cleaner,London SE1 6AF,Today
493,Compass Group,Cleaner - London,London EC1A 4HT,8 days ago
494,JPC Cleaning,newNight Cleaner,London N1C,Today
496,3D Leisure,newCleaner,London,Today
498,MEJ Cleaning,newCscs cleaner - Builders/Sparkle Cleans,London,Just posted
499,Get Set Clean,Domestic Cleaner,London+1 location,10 days ago
501,Hotel Cafe Royal,Public Area Cleaner,London W1B,14 days ago
503,Third Space - City,newFemale cleaner,London EC3R,3 days ago
504,Atalian Servest,newCleaner,London SE1,6 days ago
505,UK HAIDILAO PTE LTD 英国海底捞,newCleaner,London SE10 0DX,7 days ago
506,SIDEKICK GROUP LTD,Cleaner (Central London),London,22 days ago
507,Cleaning Express,Cleaner - flexible part-time or full-time,London,14 days ago
508,Ecocleen Services Ltd,newEarly Morning Cleaner,Chelsea,2 days ago
509,Hotelcare,newRoom Attendant,London+2 locations,1 day ago
510,Pioneer Quality Services Limited,newCleaner - Full time,London SW1Y,2 days ago
511,Nicky clean ltd,newCleaner,Soho+1 location,1 day ago
512,CDC Hospitality,Cleaner for Serviced Apartments,London,22 days ago
513,New Group Solutions Ltd,newSecurity Cleaner,Bermondsey,Just posted
514,HotelconHospitality,Housekeeping Assistant,London,9 days ago
515,NuServe,"newCleaner, London, E1 – 7h per day, £9.15 per hour",London,5 days ago
516,Optim Group,Cleaner (part-time),London EC1R 0BJ,14 days ago
518,ConiferGB,Night Cleaner,London E20,8 days ago
519,Go Native Ltd,Room Attendant,London SE1 9ED,14 days ago
520,The Rembrandt Hotel,Night Cleaner,London,12 days ago
521,The Sloane Club,Cleaner-Private Members Club/Hotel,London SW1W 8BS,12 days ago
522,Beaumont Business Centres,Commercial Cleaner,London WC1V 7PB,16 days ago
523,LCS Limited,Part Time Evening Cleaner,Clapham,9 days ago
524,City Commercial Cleaning,newCleaning Operative,London,Today
525,Apex Hotels Ltd,newLinen Porter,London,6 days ago
526,RAPID CLEAN,newEvening cleaning Operative / Cleaner,London,Today
527,M2G,newCleaner ( Hendon),London,2 days ago
528,Cleaning Scotland Ltd,Temporary Cleaner,London,12 days ago
529,The Lanesborough Hotel,newFloor Housekeeper,London SW1X 7TA,2 days ago
530,Strand Palace Hotel,Hotel Cleaner,London,14 days ago
531,Dynamic Cleaning ltd,End of tenancy cleaner,London,16 days ago
532,M2G,newCleaner (Bromley),London,2 days ago
533,Integra,newCleaner,Camden,6 days ago
534,Panzers,Cleaner - Full time,London NW8 6PB,23 days ago
535,Clos Maggiore,Kitchen Porter / Cleaner,London WC2E 8JD,11 days ago
536,ISS Facility Services,Cleaner (part-time),London W1F,9 days ago
537,Company O Ltd (t/a Farmstand),Kitchen Porter / Cleaner,London SE8 4NT,15 days ago
538,Calibre International,newRoom Attendant(Cleaning Hotel Rooms),London,1 day ago
539,Bayleaf Facilities Management Ltd,newCleaners,London W1D,1 day ago
540,Bike BUBL Balham,Window Cleaning on Bikes - with pay of up to £125+ per day!,London SW4 6LE,13 days ago
541,Cleanzy,newDomestic Cleaner: Immediate Start,London N1 2LH,2 days ago
542,GSS Southern Ltd,newCleaning Operative (part time),Whitechapel E1 5LQ,7 days ago
543,AMDAS Management Ltd,newCleaner - Full time,London,6 days ago
545,Shine S Cleaning Ltd,newDomestic Cleaner,London,6 days ago
546,Jane Jefferson Cleaning,newDomestic Cleaner,London,2 days ago
548,City Relay Ltd,newExperienced Cleaner,London,Just posted
549,Abatti Services,Commercial Cleaner,London WC2H,8 days ago
550,The London Clinic,newHousekeeping Assistant,London,2 days ago
551,BE Offices,Cleaner (part-time),London EC2Y 8AD,12 days ago
552,J D Wetherspoon plc,"newCleaner / 51 - The Beehive, Brixton",London SW9 7DG,5 days ago
553,RAPID CLEAN,newKey Holder Cleaner / Cleaning Operative 1RP,London,2 days ago
554,Third Space - Canary Wharf,Male Cleaner,London E14,17 days ago
555,Kemp Services Ltd,newCleaner (part-time),London,2 days ago
556,Ridge Crest Cleaning Services,newSupervisor School Cleaner,London NW5 1UJ,7 days ago
557,More Time Uk Ltd,"newCleaner - N15 6HR, LONDON",London N15 6HR,1 day ago
558,Spotless Solutionz LTD,newCleaner (part-time),London,6 days ago
560,The Ministry,Housekeeping Cleaner,London SE1 1DN,22 days ago
561,Third Space - Tower Bridge,Cleaner,London SE1,22 days ago
563,N Family Club,Part Time Cleaner,Brixton,23 days ago
564,SASSE,Cleaner (weekends),London SW8 1SS,8 days ago
565,Lee Channel Services Ltd,newHotel Housekeeper,London KT9,5 days ago
566,Assist,Cleaner (part-time),London,27 days ago
567,Sydney House Chelsea - Housekeeping,newRoom Attendant,London SW3 6PU,Today
568,Travelodge,newLinen Porter - Part Time - 25 hours per week,London SE1,5 days ago
569,NYX Hotel London Holborn,newRoom Attendant / Cleaner / Housekeeping,London,7 days ago
570,Bloom Eco Cleaning,newCleaning Team & Contract Cleaners,London,2 days ago
571,Cream Cleans Ltd,Cleaner (part-time),London,14 days ago
572,Atalian Servest,"Cleaner (Transport, Railway sector)",London NW1,27 days ago
573,Leonardo Royal Hotel London Tower Bridge,newPublic Area Cleaner,East London,2 days ago
574,Hotelcare,Public Area Cleaner,North London+1 location,19 days ago
575,Bespoke Hotels,Housekeeping Assistant,London SE1 3UN,10 days ago
577,Casna Group,newRoom Attendant,London,5 days ago
578,Compass Group,newCleaning Rapid Response - UCLH Hospital,London WC1E,6 days ago
579,Digme Fitness,Cleaner (part-time),London EC2Y,23 days ago
581,Lord Nelson,newKitchen Porter,London SE1 0LR,4 days ago
582,Fluid Options UK Ltd,Commercial Cleaner,London,9 days ago
583,JPC Cleaning,newCleaning Operative,London EC3V,6 days ago
584,Trade Team,Cleaner,London RM1,16 days ago
585,Trade Team,Cleaner,London RM1,16 days ago
586,Moda Foods Limited (T/A Manna Dew ),newCleaner,London SW11 3JS,3 days ago
587,Cabin Club UK ltd,Cleaner/Room Attendant,London W1D 3JG,20 days ago
588,Ridge Crest Cleaning Services,newTemporary/Cover School Cleaner,Mile End,6 days ago
590,Lefar Group Ltd,newPart Time House Cleaner,London,1 day ago
591,Guardsman Cleaning,Carpet Cleaner,London SW11,9 days ago
592,C4 Cleaning ltd,Commercial Cleaner,London,13 days ago
593,Inamo Restaurants,newKitchen Porter,London,Today
594,Hotelcare,newLinen Porter,London,1 day ago
595,Hospital of St John & St Elizabeth,Housekeeping Assistant,London NW8 9NH,18 days ago
596,Benugo,Cleaner (hygiene team),London SE16 3LL,22 days ago
597,Hotelcare,Room Attendant/Housekeeping,London SE1+8 locations,8 days ago
598,Pizza Pilgrims,newKitchen Porter,London SW1W 0RE,2 days ago
599,KVM cleaners ltd,Studio Pilates cleaner,London E8,15 days ago
600,Crowne Plaza London Kings Cross,Public Area Cleaner,London WC1X 9HX,9 days ago
601,Chalcot House Services Ltd,Domestic Cleaner/Housekeeper,London W1S,8 days ago
602,M2G,newCleaner ( Holiday Cover Acton),London,2 days ago
603,Ronald McDonald House Charities,newhouse keeper,London SE1 7JY,Just posted
604,Hampstead Activity Nursery,Cleaner,London,15 days ago
605,Tymia limited,newCleaning Assistant,London+3 locations,Today
606,Holland Park Staffing,Private Household Housekeeper,London SW3,9 days ago
607,RALDAN Limited Company,Cleaning Crew,London,9 days ago
608,Parker Benson,newDomestic Cleaner,Newington,Just posted
609,Mitie,Window Cleaner,London E14,13 days ago
610,Marriott Grosvenor Square,newGuest Room Attendant,London,2 days ago
611,Aqua,newKitchen Porter,London,2 days ago
612,Vincere,newNight Cleaning Attendant,London,1 day ago
613,Paul Rhodes Bakery Limited,newCleaner/Kitchen Porter,London,2 days ago
614,Ophelia,Cleaner (part-time),London W1W,23 days ago
615,Leonardo Royal Hotel London St. Paul's,Public Area Cleaner,London,13 days ago
616,M2G,newCleaner ( Holiday Cover Walthamstow),London,2 days ago
617,CleanTEC Services,newCleaner (part-time),London SM6,2 days ago
618,Ever Brite Cleaning Services,newEarly Morning Cleaner,London W1J,1 day ago
619,Union Jack Club,newHousekeeping Attendant / Room Attendant,London SE1,2 days ago
620,Gardenia Facilities,newCleaner (Casual),London N1,2 days ago
621,ConiferGB,Room Attendants (Cleaners) - Self Employed (£10.25 to £11.25...,London SW1Y,9 days ago
622,Travelodge,Housekeeping Team Member - Part Time - 8-24 hours per week a...,London SE1 6BN,27 days ago
623,Di Fonso Cleaning,newDomestic Cleaner,London,2 days ago
624,Sloane Square Hotel,newEvening Housekeeper/Porter,London SW1W 8EG,2 days ago
625,Calibre International,Hotel Public Area Cleaner London Bridge,London,14 days ago
626,Premier Support Services,Cleaner (part-time),London W1F,9 days ago
627,lrm property management,Housekeeper,London WC2B 5NE,10 days ago
628,Apex Agency,newSite Cleaner,London,7 days ago
629,Central Point Recruitment,newFlexible Cleaner - 7am-3pm - Camdentown,London NW1 0BY,Today
630,Central Point Recruitment,newFlexible Cleaner - 7am-3pm - Camdentown,London NW1 0BY,Today
631,The Stafford London,newEvening Room Attendant,London SW1A,3 days ago
632,J D Wetherspoon plc,"newCleaner / 254 - The Watch House, Lewisham",London SE13 6JP,4 days ago
634,The Lansbury Heritage Hotel,newHousekeeping Room Attendant,London E14 0AE,2 days ago
635,CT Services Group Ltd,newMobile Cleaner (London),London,1 day ago
636,Hyatt Place London City East,newLinen Porter - Immediate Start,London E1 1DU,2 days ago
637,Shiny Solutions,newHouse Cleaner,London SW7 4EF,1 day ago
638,SWEEPBOX CLEANERS,newRetail Cleaner,London,6 days ago
639,Union Jack Club,newKitchen Porter,London SE1,2 days ago
640,Ardmore,newWelfare cleaner,London W1J,6 days ago
641,Jane Jefferson Cleaning,newCleaning Operative,London,5 days ago
643,Bella Italia St Martin s Lane,newCleaner,London WC2N 4JS,7 days ago
644,Travelodge,newHousekeeping Team Member - Part Time - Fixed Term Contract,London E15 2JG,2 days ago
645,STEP Academy Trust,"STEP Cleaners, South London",South London,19 days ago
646,CJB Staffing Solutions Ltd,newGeneral Cleaner,London,Today
648,Happy Families Nannies - North London,newF/T Nanny/Housekeeper - Belsize Park NW3,London NW3,8 days ago
649,Page8,Key Housekeeping Assistant,London WC2N 4JH,27 days ago
650,Travelodge,Housekeeping Team Member - Part Time - Weekend only,London WC1X 8BH,14 days ago
651,Living Rooms,Head Housekeeper,London W1S,10 days ago
654,Armour Property Services,newSchool Cleaner,London,3 days ago
655,Ritz Limited,newDomestic Cleaner,London W2 2NB,2 days ago
656,Workforce Facilities Ltd,newArea Manager / Business Development – Cleaning Contracts,London,Today
657,Chocolate Factory Production Ltd.,Cleaner and Maintenance Officer,London SE1 1TE,27 days ago
658,Temper Restaurant,newKitchen Porter,London EC2R,2 days ago
659,SASSE,Cleaner,London,16 days ago
660,Murphy Services Cleaning Ltd,CSCS Cleaner,London,15 days ago
661,Newpin Limited,newGeneral Cleaner,Greenwich SE10+1 location,3 days ago
662,Q&M cleaning,House Cleaner,London W1W 7LT,14 days ago
663,The Windermere - Hotel & Brasserie,Hotel Housekeeping,London SW1V 4JE,8 days ago
664,Ferguson Care Division,newHousekeeping Assistant,London,5 days ago
665,Leonardo Royal Hotel London St. Paul's,Room Attendant,London,8 days ago
666,ConiferGB,Evening Hotel Housekeeper (Turn Down),London SE1,25 days ago
667,Divine's Cleaning Service,newCleaner,East London+1 location,6 days ago
668,Leonardo Hotels (London),newRoom Attendant / Cleaner / Housekeeping,London,7 days ago
669,"Hart Shoreditch Hotel, Curio Collection by Hilton",newHousekeeping Attendants (Casual),London,7 days ago
670,maid easy cleaning limited,House Cleaner,Waltham Forest,8 days ago
671,Fantastic Services,House Cleaner,London,18 days ago
672,ABM UK,newNight Cleaning Operative,London DA1,5 days ago
674,Leonardo Royal Hotel London Tower Bridge,newRoom Attendant / Cleaner / Housekeeping,East London,7 days ago
675,Elite Specialist Cleaning Group,Cleaning Operative,London SE1,23 days ago
676,Heaven Cleaning,Window Cleaner,London,22 days ago
678,Regular Cleaning,Cleaning Operative (part time),London WC2R 0BP,20 days ago
679,ISS Facility Services,Housekeeping Support Operative – Waste and Cups,London SE1,14 days ago
681,Clean Option,House Cleaner,Camden Town NW1,28 days ago
682,Beaverbrook,newRoom Attendant - The Town House,London,Today
683,BELVEDERE HOTEL,Cleaner /waitress,London W2 1RT,14 days ago
684,BOUYGUES,"University Cleaner - part-time - 0500-0800, Mon-Fri",London N1C 4AA,28 days ago
685,Union Jack Club,newCasual Housekeeping Attendant,London SE1,7 days ago
686,Urban Food Fest,newCleaner (part-time) - Shoreditch & Kensington,Shoreditch,6 days ago
687,fresh4ucleaners,Cleaner (part-time),East London,17 days ago
688,Silver and Bow,Travelling Housekeeper,London,9 days ago
689,The Salad Project,newKitchen Porter,London E1 6AG,6 days ago
690,Heeton Hospitality UK,Cleaner,London,15 days ago
691,Square Mile Cleaning Ltd,End of tenancy cleaner based in Islington,London N1 0EX,10 days ago
692,Dayco Property Maintenance Ltd,Mobile Cleaner,London EN5,9 days ago
693,Insight (RSWC),newWindow Cleaner- Full Time,London,1 day ago
694,Multi Trades Recruitment Limited,newCleaner,London,4 days ago
697,Staycity Group,Housekeeping Assistant,London,8 days ago
699,ConiferGB,Room Attendant (Cleaner) - Full Time - Immediate Start,London,19 days ago
700,Chotto Matte - Soho,newFront of House Cleaner,London W1D,5 days ago
701,Neat Cleaners Ltd,newKitchen Porter,London,5 days ago
702,Educlean Ltd,Cleaner (part-time) - Feltham,London TW13,21 days ago
703,Windmill Taverns Group,Part-time Kitchen Porter,London SE1 8TB,10 days ago
704,Compass Group,Housekeeping Assistant- Guys Hospital,London SE1,16 days ago
705,Compass Group,Housekeeping Assistant- Guys Hospital,London SE1,16 days ago
706,Gaughan Support Services Limited,Cleaner - End Of Tenancy,London,12 days ago
707,Radisson RED London Greenwich,Room Attendant,London SE10 0PL,19 days ago
708,Servisolutions Ltd,Cleaner (part-time),London E8 3DQ,8 days ago
709,Study Group,newHousekeeper,London SE8 3DE,Today
711,M2G,newCleaner (Holiday Cover Kingston Upon Thames),London,2 days ago
712,Elite Support Services London Limited,newCleaning Operative,London W1G,2 days ago
713,Hospital of St John & St Elizabeth,newKitchen Porter,London NW8 9NH,2 days ago
714,Cargiant,Car Cleaner,North London,21 days ago
715,Vincere,newLinen Porter,London,1 day ago
716,Calibre International,newRoom attendant (Cleaning Hotel Rooms) East London,London,2 days ago
718,Amazing Services Group,Housekeeping,Elephant & Castle,16 days ago
719,3 Henrietta Street,newKitchen Porter,London WC2E,Just posted
720,The London Management Company,Cleaner,London W1U,30 days ago
722,Americana Hotel,newCleaning Operative,London NW1,6 days ago
723,Golden Home Care,newGeneral Housekeeping,Battersea,Today
724,City Pub Group,Kitchen Porter,London,9 days ago
725,The London Management Company,Housekeeper,London W1U,30 days ago
726,Pioneer Quality Services Limited,Cleaner (part-time),London N1,9 days ago
727,Hawkey,newCleaning Operative,London NW1 8BF,4 days ago
728,Andrew Miller,newHealthcare Cleaner,London SW3,7 days ago
729,Brother Marcus,newKitchen Porter,London E1,Today
730,Victoria Inn Hotel,Hotel Housekeeper,London SW1V 2BG,12 days ago
731,19 London,Senior Housekeeper,London,15 days ago
733,DoubleTree by Hilton London Angel Kings Cross,newRoom Attendant - Evenings 3pm till 10pm,North London,2 days ago
734,The Cleaning Professionals LTD,newCleaner (part-time),East London,2 days ago
735,Tarem Services Ltd,Cleaner (part-time) - Kings Cross,London,19 days ago
736,Obtainable recruitment,newHouse keeping,London,2 days ago
738,Novotel London Greenwich,newLate Housekeeping / Public Area Cleaner,London SE10 8JA,6 days ago
740,The Mantl,Kitchen porter/Kitchen assistant,London SW3 1HY,13 days ago
742,N1 Services Ltd,Cleaner (part-time),London N4 1TJ,13 days ago
743,Britannia Hotels,Linen Porter,London E14,9 days ago
744,19 London,Full time Housekeeper,North London,26 days ago
745,M2G,newNight Cleaner For Back of House In A Restaurant,London,2 days ago
746,The Zetter Hotel,Room Attendant,London EC1M 5RJ,9 days ago
747,Atlas Cleaning Limited,newCasual Cover Cleaner,London SW8,2 days ago
748,Spotless Commercial Cleaning,newCleaning Operative,London,3 days ago
749,Pamper Cleaning Ltd,newContract Cleaner,London SE10,Today
750,The In and Out Naval and Military Club,newRoom Attendant/Linen Porter,London SW1Y 4JU,1 day ago
751,Inhouse Corporate Services Ltd,newCleaning Operative,London,2 days ago
752,Union Jack Club,Casual Kitchen Porter,London SE1,8 days ago
754,Cleaning Express,Private House Cleaner,London,26 days ago
755,Riviera Restaurants & Luxury Ltd,newKitchen Porter,London SW10 0LE,2 days ago
756,Criterion Hospitality,newRoom Attendant,London SW1Y 6HD,2 days ago
757,Bespoke Commercial Cleaning,Cleaning Operative (part time),London EC2Y,13 days ago
758,Sunset Stay Limited,Cleaner - Part Time,London SW5 0TG,20 days ago
759,Unique Support Services,newRoom Attendant/Housekeeping,London SW1H,Today
760,Huttons Hotel,Hotel housekeeping duties,London SW1V 2BB,12 days ago
761,Holiday Inn London - Regent's Park,newHousekeeping Team Member,London,6 days ago
763,Calibre International,Room Attendant Holborn(Cleaning Hotel Rooms),London,22 days ago
764,Mosaic Spa & Health Clubs,Cleaner (part-time),London W8 5SP,24 days ago
766,Mama Shelter Shoreditch,newHousekeeping Room Attendant,London,Today
767,Compass Group,Housekeeping Assistant- London Bridge Hospital Part time,London SE1 2PR,16 days ago
768,EasyHotel,Cleaning Staff,London W8 5JH,24 days ago
769,MND,Cleaning Staff,London,25 days ago
770,Shine S Cleaning Ltd,Cleaner (part-time),London,14 days ago
771,The Welcome People,newDriver/Night deep cleaner,London,2 days ago
772,MCG Construction,newCleaners,London SE1 7PB,1 day ago
773,THE BOX CLEANING COMPANY,newConstruction Cleaner,London,1 day ago
774,Purple Dragon Play,newKitchen Porter,London SW1W,1 day ago
776,Perfect Household Staff,newLive Out Private Housekeeper Job in Holborn,Holborn,5 days ago
777,Cleaners Trust,Domestic Cleaner,London,24 days ago
778,Fish Kitchen Ltd,newKitchen Porter,London SE1 9AL,1 day ago
779,Knightsbridge Commercial Cleaning Services,newKitchen Porter Required,London SE10 0DX,7 days ago
780,Mitchells & Butlers,newKitchen Porter,London WC2N 4AG,2 days ago
781,Nationwide Specialist Services,newWindow Cleaner,Bermondsey+2 locations,1 day ago
782,Crimson Hotels,newLinen Porter,London,5 days ago
783,LekoGo,Cleaner (Casual),London W1W 7LT,23 days ago
784,Housekeeping - The Rubens at the Palace,newCasual Room Attendant,London SW1W 0PS,1 day ago
785,Balfour Hospitality,Housekeeper,London EC2M 4RH,14 days ago
786,Restaurant Mere,newKitchen Porter,London W1T,2 days ago
787,Cleanzy,newDomestic Cleaning: Flexible Hours,London SW9 8PU,2 days ago
788,Ela's Cleaning and Ironing Services Limited,Domestic Cleaner,London TW11,18 days ago
789,Hyatt Place London City East,newRoom Attendant - Immediate Start,London E1 1DU,1 day ago
791,Innoventive Property Services,Cleaning Operative Mayfair,London W1J,16 days ago
793,Innoventive Property Services,Night Cleaning Operative,London,16 days ago
795,"Hart Shoreditch Hotel, Curio Collection by Hilton",newHousekeeping Manager,London,Today
796,Compass Group,Housekeeper- The Portland Hospital,London W1W 5AH,12 days ago
797,ProClean Professional Cleaning Services,Window Cleaner,Islington N1 2BX,11 days ago
798,SIDEKICK GROUP LTD,Specialist Cleaner (Central London),London,22 days ago
799,Multi Trades Recruitment Limited,newCleaner DBS (12155810),London,1 day ago
800,Pizza Express,Cleaner - Fixed term contract,London SE1+1 location,9 days ago
801,Rocco Forte Hotels,Housekeeping Linen Porter - Â£9.21 per hour,London,19 days ago
802,Nong Hospitality Limited T/A KIN,newKitchen Porter (Full or Part Time),London,7 days ago
804,JM2 Group,Window Cleaner,London,15 days ago
805,Walkers FM Ltd,newNight Time Cleaning Operative,London NW1,3 days ago
806,Royal Garden Hotel,newPublic Area Attendant - Evenings,London W8 4PT,Today
807,Easy Great Cleaning,Domestic House Cleaner,London,27 days ago
809,BOUYGUES,newKitchen Porter - University canteen,London SE1,7 days ago
810,Compass Group,newCleaning Supervisor - UCLH,London WC1E,3 days ago
811,Paragon Building Solutions,Commercial Cleaner (Part-time),London HA0,23 days ago
812,Daniel Galvin,Domestic Cleaner,London W1U 7ET,9 days ago
814,Sloane Square Hotel,Housekeeper/Room Attendant,London SW1W 8EG,30 days ago
817,Leonardo Royal Hotel London St. Paul's,newLobby Luggage porter / Concierge,London,2 days ago
818,"Mildreds, Camden",Kitchen Porter,London NW1,13 days ago
819,Clayton Hotel City Of London,newAccommodation Manager / Head Housekeeper,London E1,7 days ago
820,Atalian Servest,Cleaning Manager,London EC3M,16 days ago
822,Charles Hope Apartments,Housekeeping Attendant,London E14,16 days ago
823,Prtzl LTD,Cleaner (part-time),London NW1 8AF,18 days ago
824,Puttshack Bank,newKitchen Porter,London EC2R 8EN,2 days ago
827,HPS Services FM Ltd.,Cleaning Operative - High-end Residential Building,London SE15,20 days ago
828,Hired Limited,newFleet & Porter Manager,London,3 days ago
829,YOTEL,Hotel Room Attendant,London EC1M 5RJ,19 days ago
830,Arora Hotels,newHousekeeping Room Attendant,London SE10,5 days ago
831,Camm & Hooper,Event Porter,London EC2R,13 days ago
832,Liverpool Street Grind,newKitchen Porter,London EC2M 2QS,Today
833,Greenwich Staycity Aparthotels,Housekeeping Attendant,London SE10 8LA,10 days ago
834,Yellow Panda Pub Co Ltd,newKitchen Porter,London SE11 5UG,3 days ago
835,Vincere,newRoom Attendants,London,1 day ago
836,Apex Hotels Ltd,Public Area Cleaner,London,20 days ago
837,Kricket White City,newKitchen Porter,London,2 days ago
838,Sloane Square Hotel,Housekeeping Porter,London SW1W 8EG,22 days ago
839,Excellerate Services,newPortfolio Manager (Cleaning),London,Just posted
841,Vincere,newHouse Keeping Assistant,London,1 day ago
842,Educlean Ltd,newHygiene Cleaning Operative - Southend,London,Just posted
843,KVM cleaners ltd,Commercial Cleaner,London SE15 2JQ,25 days ago
844,Concierge - The Landmark London,Luggage Porter,London NW1 6JQ,21 days ago
845,Clarity Housekeeping,Room Attendant,London SW1A 1RD,19 days ago
846,Elmbridge Cleaning Solutions Ltd,Cleaning Operative,London,14 days ago
847,Innoventive Property Services,Cleaning Operative (part time),London EC2M,16 days ago
848,Royal Garden Hotel,newPublic Area Attendant - Part Time - Weekends,London W8 4PT,Today
849,What Cleaning Ltd,Cleaning Operative,London,21 days ago
850,Angel Human Resources,Cleaner with forklift licence/experience,London SE1,20 days ago
851,Hallcrest Services Limited,End of tenancy cleaning,London,9 days ago
853,SWEEPBOX CLEANERS,newCleaning Team Member,London,6 days ago
854,EDM Cleaning,newOvernight Event Supervisor/Cleaner,London,Today
855,Nightingale Hospital,Housekeeping Assistant - Flexible,London NW1 6SH,22 days ago
856,The Kleaning Company,newConstruction Site Cleaner After Build Cleaner Sparkle Cleane...,South London+2 locations,6 days ago
857,Cleaning Express,newDomestic and Commercial Cleaner,East London,7 days ago
858,mildreds restaurant,Kitchen Porter - SoHo,London W1F,14 days ago
859,TidyChoice,newCleaning Jobs,London E14,7 days ago
860,Amozz Ltd,newHousekeeping Room Attendant,London,7 days ago
862,Battersea Academy for Skills & Employment,Weekend Cleaning Operative - Battersea Power Station,London SW11,21 days ago
864,Churchill Group,newCleaning Operative,London SE17 1HJ,6 days ago
867,The Owl and Hitchhiker,Part time Cleaner/Kitchen Porter,London N7 6LE,21 days ago
868,Point A Hotels Shoreditch,Housekeeping Room Attendant,London EC2A 4JH,20 days ago
869,Detox Kitchen,newKitchen Porter - Production Kitchen,London SW8 4AB,4 days ago
870,Detox Kitchen,newKitchen Porter - Production Kitchen,London SW8 4AB,4 days ago
871,City West Support Services,Housekeeper (External Estate),London EC4N 4TQ,9 days ago
874,HL Services,Street Cleaner / Refuse Loader,Brixton,23 days ago
875,Firasat Capital (Adnan SAJID),Domestic Assistant,London W2,9 days ago
876,Cordant Cleaning,newCleaner (part-time),London IG1,Today
877,Ralph Trustees,Linen Porter,London W1J 7BJ,15 days ago
878,"The Portobello Hotel, London",Head Housekeeper,London W11 2NG,17 days ago
879,Ridge Crest Cleaning Services,newSchool Cleaner,Mile End,6 days ago
880,Perfect Household Staff,newLive Out Full Time Housekeeper,St James's+1 location,7 days ago
881,Kineya Mugimaru UK,Kitchen Porter/Kitchen Assistant,London N1C,13 days ago
882,Palm Greens,Kitchen Porter/Kitchen Assistant,London E8 3RL,19 days ago
884,Blue Morpho,newIndustrial Cleaning Operative,London,1 day ago
886,The Reform Club,newOut of Hours Porter,London SW1Y 5EW,6 days ago
887,Z Hotel Operations Ltd,Senior Housekeeping Assistant,London WC2H 9DG,9 days ago
889,Hilton London Paddington,Housekeeping Room Attendant,London W2,16 days ago
890,Heeton Hospitality UK,Room Attendant,London,8 days ago
891,Marushka ltd,Cleaner,London,18 days ago
892,1Rebel,Female Gym Cleaning Attendant,London WC1A 1JS,23 days ago
894,Perfect Household Staff,Private Housekeeper Job in Belgravia,Belgravia,28 days ago
895,Central Point Recruitment,newMobile Cleaner,London,1 day ago
897,UK HAIDILAO PTE LTD 英国海底捞,newJanitor,London W1D 7DH,7 days ago
898,Capital Computer Care,Weekend IT Cleaning Technician,London,30 days ago
899,Mitie,Technical Cleaning Operative,London SE1,15 days ago
900,Yard Sale Pizza,newWeekend Kitchen Porter,London,7 days ago
901,Chateau Denmark Ltd.,Room Attendant,London WC2H 0LA,8 days ago
903,Idlehurst Assset Management Ltd,Cleaner (part-time),Earls Court,23 days ago
904,Herbal Hill Ltd,newCaretaker/Housekeeping,London EC1R,6 days ago
905,Knighton Group,newcommunal cleaning operative,London E10 7NU,7 days ago
907,London Bridge Grind,newKitchen Porter,London SE1,3 days ago
908,Kricket - Soho,newKitchen Porter,London W1B,1 day ago
910,The London Management Company,Cleaning Supervisor,London W1U,30 days ago
911,Crimson Hotels,newAssistant Executive Housekeeper,London,5 days ago
912,ConiferGB,Linen Porter,London E20,25 days ago
914,New Linden Hotel,newRoom Attendant,London W2 4PS,2 days ago
915,Battersea Academy for Skills & Employment,Weekend Cleaning Operative - Battersea Power Station,London SW11,21 days ago
917,Sea Containers London - Housekeeping,Room Attendant,London SE1,21 days ago
918,The Seafood Bar,newKitchen Porter,London W1D 3SH,1 day ago
919,Travelodge,newHousekeeping Supervisor - Full Time - 40 hours per week,London E1 8AT,6 days ago
920,Yashin Sushi Bar,newKitchen Porter/Kitchen Assistant,London SW7 3RN,7 days ago
921,Red Radish,newKitchen Porter - Reading Festival,London,1 day ago
922,Chateau Denmark Ltd.,Room Attendant,London WC2H 0LA,8 days ago
923,City West Support Services,Housekeeper (W-end day),London EC4N 4TQ,14 days ago
925,Rocco Forte Hotels,Full time/Part time Room Attendant - Â£9.21 per hour,London,19 days ago
926,Palmer & Howells,newKitchen Porter,London SE21 7AL,7 days ago
927,The London Management Company,Cleaning Supervisor,London W1U,30 days ago
928,New Linden Hotel,newRoom Attendant,London W2 4PS,2 days ago
929,Disability Advice Service Lambeth,newJH-AO-30AUG21 PA/Carer/Cleaner wanted for gay disabled woman...,London SE11,2 days ago
930,Doubletree by Hilton Hotel - Kensington,newKitchen Porter,London,6 days ago
931,Mansley Serviced Apartments,Housekeeping Team Member,London SW5 9BN,13 days ago
932,Tavolino,Kitchen Porter,London SE1 2JP,19 days ago
934,Satay House,Kitchen Assistant/Porter,London W2 1PX,20 days ago
935,Best Western Mornington Hotel,Room Attendant,London SW1V 2DB,13 days ago
936,805 Restaurant,newKitchen Porter,London W2,6 days ago
937,Royal Quarter Group,newKitchen Porter,London SW1E 6AL,4 days ago
938,Crimson Hotels,newAssistant Executive Housekeeper,London,5 days ago
939,ConiferGB,Room attendant - 5 stars,London E20,30 days ago
940,Arc Le Salon,newFull Time Kitchen Porter,London,2 days ago
941,Taj Hotels London,Housekeeping Supervisor,London SW1E,26 days ago
944,Zizzi Restaurant Earl's Court,Kitchen Porter,London SW5 9QF,11 days ago
945,Chores and Paws International App,Experienced House Cleaners SW London,Battersea,20 days ago
948,The Real Greek,newKitchen Porter,London WC2E,1 day ago
950,BOUYGUES,Cleaning Supervisor,Vauxhall,16 days ago
951,The Avocado Show,Kitchen Porter,London,10 days ago
954,KX Recruit,Housekeeping Room Attendant,London N1 9FA,12 days ago
956,Compass Group,Housekeeper- The Wellington Hospital,London NW8 6PD,22 days ago
957,The Gate Restaurants Vegetarian & Vegan,newKitchen Porter,London W1H,1 day ago
958,St Athans Hotel,Hotel Room Attendant,London WC1H 9RE,26 days ago
959,Nestify Ltd,Self Employed cleaner- West London,London,20 days ago
960,Scape,Housekeeper,London WC1H,16 days ago
962,Tenon FM,Account / Area Cleaning and Contracts Manager,London,22 days ago
963,Trafalgar Hotels,Hotel Cleaner,London,13 days ago
965,Fairview Facilities Management Ltd,Cleaning Operative,London IG9,29 days ago
966,Pergola on the Wharf,Venue Porter,London E14 5AR,13 days ago
967,CCR,newHousekeeper / Nanny,Knightsbridge,2 days ago
968,Living Rooms,Housekeeping Supervisor,London W1S,28 days ago
970,Cycas Hospitality,Housekeeping Team Member - Immediate Start,Westminster,14 days ago
971,The Bread Station,Kitchen Porter - Deli cafe E8,London E8,12 days ago
973,Ralph Trustees,Room Attendant,London W1J 7BJ,15 days ago
974,Square Foot Cleaning Company,Commercial Cleaner (part-time),London W1J 6QR,23 days ago
975,Central Point Recruitment,newMorning Cleaner,London KT9,1 day ago
976,Unique Support Services,Kitchen Porter/Kitchen Assistant,London,21 days ago
977,Staycity Group,Housekeeping Attendant,London WC2N,15 days ago
980,KX Gym,newKitchen Porter & Driver,London SW3 3AL,Today
982,Wulf and Lamb,newKitchen Porter,London SW1X 0BP,1 day ago
983,"The Ivy Asia, Chelsea",Kitchen Porter,London SW3 5ED,13 days ago
984,The Pilgrm,Room Attendant,London W2 1HH,9 days ago
985,Chroda,newFull Time Cleaning Operative,London SW8,Just posted
986,The Sloane Club,Room Attendant/Housekeeping- Private Members Club,London SW1W 8BS,12 days ago
987,Lushlily Cleaning & Housekeeping Services,General housekeeping,Southwark,28 days ago
988,Shaw Healthcare,newDomestic Supervisor 35 Hours At Maitland Park Care Home,London NW3 2DU,7 days ago
989,Omni Facilities Management Ltd,newRoom Attendant | London,London,2 days ago
990,Cleanstart Ltd,Cleaner for School - Enhanced DBS is essential,London SE24 0EL,17 days ago
991,Fadiga - Ristorante Bolognese,newKitchen Porter,London W1F,4 days ago
992,Calibre International,Housekeeping Supervisor,London,14 days ago
993,Sea Containers London - Housekeeping,Assistant Head Housekeeper,London SE1,15 days ago
994,Bounce Farringdon,Kitchen Porter,London EC1N,9 days ago
996,Greenwich Staycity Aparthotels,newNight Porter/Receptionist,Greenwich SE10 8JL,3 days ago
997,KT&T LTD,newSenior Housekeeper,London E14,2 days ago
999,Bella Italia St Martin s Lane,newKitchen Porter,London WC2N 4JS,7 days ago
1000,Chroda,newFull Time Cleaning Operative,London SW8,Just posted
1001,The Sloane Club,Room Attendant/Housekeeping- Private Members Club,London SW1W 8BS,12 days ago
1002,Lushlily Cleaning & Housekeeping Services,General housekeeping,Southwark,28 days ago
1003,Shaw Healthcare,newDomestic Supervisor 35 Hours At Maitland Park Care Home,London NW3 2DU,7 days ago
1004,Omni Facilities Management Ltd,newRoom Attendant | London,London,2 days ago
1005,Cleanstart Ltd,Cleaner for School - Enhanced DBS is essential,London SE24 0EL,17 days ago
1006,Fadiga - Ristorante Bolognese,newKitchen Porter,London W1F,4 days ago
1007,Calibre International,Housekeeping Supervisor,London,14 days ago
1008,Sea Containers London - Housekeeping,Assistant Head Housekeeper,London SE1,15 days ago
1009,Bounce Farringdon,Kitchen Porter,London EC1N,9 days ago
1011,Greenwich Staycity Aparthotels,newNight Porter/Receptionist,Greenwich SE10 8JL,3 days ago
1012,KT&T LTD,newSenior Housekeeper,London E14,2 days ago
1014,Bella Italia St Martin s Lane,newKitchen Porter,London WC2N 4JS,7 days ago
1015,Chroda,newFull Time Cleaning Operative,London SW8,Just posted
1016,The Sloane Club,Room Attendant/Housekeeping- Private Members Club,London SW1W 8BS,12 days ago
1017,Lushlily Cleaning & Housekeeping Services,General housekeeping,Southwark,28 days ago
1018,Shaw Healthcare,newDomestic Supervisor 35 Hours At Maitland Park Care Home,London NW3 2DU,7 days ago
1019,Omni Facilities Management Ltd,newRoom Attendant | London,London,2 days ago
1020,Cleanstart Ltd,Cleaner for School - Enhanced DBS is essential,London SE24 0EL,17 days ago
1021,Fadiga - Ristorante Bolognese,newKitchen Porter,London W1F,4 days ago
1022,Calibre International,Housekeeping Supervisor,London,14 days ago
1023,Sea Containers London - Housekeeping,Assistant Head Housekeeper,London SE1,15 days ago
1024,Bounce Farringdon,Kitchen Porter,London EC1N,9 days ago
1026,Greenwich Staycity Aparthotels,newNight Porter/Receptionist,Greenwich SE10 8JL,3 days ago
1027,KT&T LTD,newSenior Housekeeper,London E14,2 days ago
1029,Bella Italia St Martin s Lane,newKitchen Porter,London WC2N 4JS,7 days ago
1030,Chroda,newFull Time Cleaning Operative,London SW8,Just posted
1031,The Sloane Club,Room Attendant/Housekeeping- Private Members Club,London SW1W 8BS,12 days ago
1032,Lushlily Cleaning & Housekeeping Services,General housekeeping,Southwark,28 days ago
1033,Shaw Healthcare,newDomestic Supervisor 35 Hours At Maitland Park Care Home,London NW3 2DU,7 days ago
1034,Omni Facilities Management Ltd,newRoom Attendant | London,London,2 days ago
1035,Cleanstart Ltd,Cleaner for School - Enhanced DBS is essential,London SE24 0EL,17 days ago
1036,Fadiga - Ristorante Bolognese,newKitchen Porter,London W1F,4 days ago
1037,Calibre International,Housekeeping Supervisor,London,14 days ago
1038,Sea Containers London - Housekeeping,Assistant Head Housekeeper,London SE1,15 days ago
1039,Bounce Farringdon,Kitchen Porter,London EC1N,9 days ago
1041,Greenwich Staycity Aparthotels,newNight Porter/Receptionist,Greenwich SE10 8JL,3 days ago
1042,KT&T LTD,newSenior Housekeeper,London E14,2 days ago
1044,Bella Italia St Martin s Lane,newKitchen Porter,London WC2N 4JS,7 days ago
1045,Chroda,newFull Time Cleaning Operative,London SW8,Just posted
1046,The Sloane Club,Room Attendant/Housekeeping- Private Members Club,London SW1W 8BS,12 days ago
1047,Lushlily Cleaning & Housekeeping Services,General housekeeping,Southwark,28 days ago
1048,Shaw Healthcare,newDomestic Supervisor 35 Hours At Maitland Park Care Home,London NW3 2DU,7 days ago
1049,Omni Facilities Management Ltd,newRoom Attendant | London,London,2 days ago
1050,Cleanstart Ltd,Cleaner for School - Enhanced DBS is essential,London SE24 0EL,17 days ago
1051,Fadiga - Ristorante Bolognese,newKitchen Porter,London W1F,4 days ago
1052,Calibre International,Housekeeping Supervisor,London,14 days ago
1053,Sea Containers London - Housekeeping,Assistant Head Housekeeper,London SE1,15 days ago
1054,Bounce Farringdon,Kitchen Porter,London EC1N,9 days ago
1056,Greenwich Staycity Aparthotels,newNight Porter/Receptionist,Greenwich SE10 8JL,3 days ago
1057,KT&T LTD,newSenior Housekeeper,London E14,2 days ago
1059,Bella Italia St Martin s Lane,newKitchen Porter,London WC2N 4JS,7 days ago
1060,Chroda,newFull Time Cleaning Operative,London SW8,Just posted
1061,The Sloane Club,Room Attendant/Housekeeping- Private Members Club,London SW1W 8BS,12 days ago
1062,Lushlily Cleaning & Housekeeping Services,General housekeeping,Southwark,28 days ago
1063,Shaw Healthcare,newDomestic Supervisor 35 Hours At Maitland Park Care Home,London NW3 2DU,7 days ago
1064,Omni Facilities Management Ltd,newRoom Attendant | London,London,2 days ago
1065,Cleanstart Ltd,Cleaner for School - Enhanced DBS is essential,London SE24 0EL,17 days ago
1066,Fadiga - Ristorante Bolognese,newKitchen Porter,London W1F,4 days ago
1067,Calibre International,Housekeeping Supervisor,London,14 days ago
1068,Sea Containers London - Housekeeping,Assistant Head Housekeeper,London SE1,15 days ago
1069,Bounce Farringdon,Kitchen Porter,London EC1N,9 days ago
1071,Greenwich Staycity Aparthotels,newNight Porter/Receptionist,Greenwich SE10 8JL,3 days ago
1072,KT&T LTD,newSenior Housekeeper,London E14,2 days ago
1074,Bella Italia St Martin s Lane,newKitchen Porter,London WC2N 4JS,7 days ago
1075,Chroda,newFull Time Cleaning Operative,London SW8,Just posted
1076,The Sloane Club,Room Attendant/Housekeeping- Private Members Club,London SW1W 8BS,12 days ago
1077,Lushlily Cleaning & Housekeeping Services,General housekeeping,Southwark,28 days ago
1078,Shaw Healthcare,newDomestic Supervisor 35 Hours At Maitland Park Care Home,London NW3 2DU,7 days ago
1079,Omni Facilities Management Ltd,newRoom Attendant | London,London,2 days ago
1080,Cleanstart Ltd,Cleaner for School - Enhanced DBS is essential,London SE24 0EL,17 days ago
1081,Fadiga - Ristorante Bolognese,newKitchen Porter,London W1F,4 days ago
1082,Calibre International,Housekeeping Supervisor,London,14 days ago
1083,Sea Containers London - Housekeeping,Assistant Head Housekeeper,London SE1,15 days ago
1084,Bounce Farringdon,Kitchen Porter,London EC1N,9 days ago
1086,Greenwich Staycity Aparthotels,newNight Porter/Receptionist,Greenwich SE10 8JL,3 days ago
1087,KT&T LTD,newSenior Housekeeper,London E14,2 days ago
1089,Bella Italia St Martin s Lane,newKitchen Porter,London WC2N 4JS,7 days ago
1090,Chroda,newFull Time Cleaning Operative,London SW8,Just posted
1091,The Sloane Club,Room Attendant/Housekeeping- Private Members Club,London SW1W 8BS,12 days ago
1092,Lushlily Cleaning & Housekeeping Services,General housekeeping,Southwark,28 days ago
1093,Shaw Healthcare,newDomestic Supervisor 35 Hours At Maitland Park Care Home,London NW3 2DU,7 days ago
1094,Omni Facilities Management Ltd,newRoom Attendant | London,London,2 days ago
1095,Cleanstart Ltd,Cleaner for School - Enhanced DBS is essential,London SE24 0EL,17 days ago
1096,Fadiga - Ristorante Bolognese,newKitchen Porter,London W1F,4 days ago
1097,Calibre International,Housekeeping Supervisor,London,14 days ago
1098,Sea Containers London - Housekeeping,Assistant Head Housekeeper,London SE1,15 days ago
1099,Bounce Farringdon,Kitchen Porter,London EC1N,9 days ago
1101,Greenwich Staycity Aparthotels,newNight Porter/Receptionist,Greenwich SE10 8JL,3 days ago
1102,KT&T LTD,newSenior Housekeeper,London E14,2 days ago
1104,Bella Italia St Martin s Lane,newKitchen Porter,London WC2N 4JS,7 days ago
1105,Chroda,newFull Time Cleaning Operative,London SW8,Just posted
1106,The Sloane Club,Room Attendant/Housekeeping- Private Members Club,London SW1W 8BS,12 days ago
1107,Lushlily Cleaning & Housekeeping Services,General housekeeping,Southwark,28 days ago
1108,Shaw Healthcare,newDomestic Supervisor 35 Hours At Maitland Park Care Home,London NW3 2DU,7 days ago
1109,Omni Facilities Management Ltd,newRoom Attendant | London,London,2 days ago
1110,Cleanstart Ltd,Cleaner for School - Enhanced DBS is essential,London SE24 0EL,17 days ago
1111,Fadiga - Ristorante Bolognese,newKitchen Porter,London W1F,4 days ago
1112,Calibre International,Housekeeping Supervisor,London,14 days ago
1113,Sea Containers London - Housekeeping,Assistant Head Housekeeper,London SE1,15 days ago
1114,Bounce Farringdon,Kitchen Porter,London EC1N,9 days ago
1116,Greenwich Staycity Aparthotels,newNight Porter/Receptionist,Greenwich SE10 8JL,3 days ago
1117,KT&T LTD,newSenior Housekeeper,London E14,2 days ago
1119,Bella Italia St Martin s Lane,newKitchen Porter,London WC2N 4JS,7 days ago
1120,Chroda,newFull Time Cleaning Operative,London SW8,Just posted
1121,The Sloane Club,Room Attendant/Housekeeping- Private Members Club,London SW1W 8BS,12 days ago
1122,Lushlily Cleaning & Housekeeping Services,General housekeeping,Southwark,28 days ago
1123,Shaw Healthcare,newDomestic Supervisor 35 Hours At Maitland Park Care Home,London NW3 2DU,7 days ago
1124,Omni Facilities Management Ltd,newRoom Attendant | London,London,2 days ago
1125,Cleanstart Ltd,Cleaner for School - Enhanced DBS is essential,London SE24 0EL,17 days ago
1126,Fadiga - Ristorante Bolognese,newKitchen Porter,London W1F,4 days ago
1127,Calibre International,Housekeeping Supervisor,London,14 days ago
1128,Sea Containers London - Housekeeping,Assistant Head Housekeeper,London SE1,15 days ago
1129,Bounce Farringdon,Kitchen Porter,London EC1N,9 days ago
1131,Greenwich Staycity Aparthotels,newNight Porter/Receptionist,Greenwich SE10 8JL,3 days ago
1132,KT&T LTD,newSenior Housekeeper,London E14,2 days ago
1134,Bella Italia St Martin s Lane,newKitchen Porter,London WC2N 4JS,7 days ago
1135,Chroda,newFull Time Cleaning Operative,London SW8,Just posted
1136,The Sloane Club,Room Attendant/Housekeeping- Private Members Club,London SW1W 8BS,12 days ago
1137,Lushlily Cleaning & Housekeeping Services,General housekeeping,Southwark,28 days ago
1138,Shaw Healthcare,newDomestic Supervisor 35 Hours At Maitland Park Care Home,London NW3 2DU,7 days ago
1139,Omni Facilities Management Ltd,newRoom Attendant | London,London,2 days ago
1140,Cleanstart Ltd,Cleaner for School - Enhanced DBS is essential,London SE24 0EL,17 days ago
1141,Fadiga - Ristorante Bolognese,newKitchen Porter,London W1F,4 days ago
1142,Calibre International,Housekeeping Supervisor,London,14 days ago
1143,Sea Containers London - Housekeeping,Assistant Head Housekeeper,London SE1,15 days ago
1144,Bounce Farringdon,Kitchen Porter,London EC1N,9 days ago
1146,Greenwich Staycity Aparthotels,newNight Porter/Receptionist,Greenwich SE10 8JL,3 days ago
1147,KT&T LTD,newSenior Housekeeper,London E14,2 days ago
1149,Bella Italia St Martin s Lane,newKitchen Porter,London WC2N 4JS,7 days ago
1150,Chroda,newFull Time Cleaning Operative,London SW8,Just posted
1151,The Sloane Club,Room Attendant/Housekeeping- Private Members Club,London SW1W 8BS,12 days ago
1152,Lushlily Cleaning & Housekeeping Services,General housekeeping,Southwark,28 days ago
1153,Shaw Healthcare,newDomestic Supervisor 35 Hours At Maitland Park Care Home,London NW3 2DU,7 days ago
1154,Omni Facilities Management Ltd,newRoom Attendant | London,London,2 days ago
1155,Cleanstart Ltd,Cleaner for School - Enhanced DBS is essential,London SE24 0EL,17 days ago
1156,Fadiga - Ristorante Bolognese,newKitchen Porter,London W1F,4 days ago
1157,Calibre International,Housekeeping Supervisor,London,14 days ago
1158,Sea Containers London - Housekeeping,Assistant Head Housekeeper,London SE1,15 days ago
1159,Bounce Farringdon,Kitchen Porter,London EC1N,9 days ago
1161,Greenwich Staycity Aparthotels,newNight Porter/Receptionist,Greenwich SE10 8JL,3 days ago
1162,KT&T LTD,newSenior Housekeeper,London E14,2 days ago
1164,Bella Italia St Martin s Lane,newKitchen Porter,London WC2N 4JS,7 days ago
1165,Chroda,newFull Time Cleaning Operative,London SW8,Just posted
1166,The Sloane Club,Room Attendant/Housekeeping- Private Members Club,London SW1W 8BS,12 days ago
1167,Lushlily Cleaning & Housekeeping Services,General housekeeping,Southwark,28 days ago
1168,Shaw Healthcare,newDomestic Supervisor 35 Hours At Maitland Park Care Home,London NW3 2DU,7 days ago
1169,Omni Facilities Management Ltd,newRoom Attendant | London,London,2 days ago
1170,Cleanstart Ltd,Cleaner for School - Enhanced DBS is essential,London SE24 0EL,17 days ago
1171,Fadiga - Ristorante Bolognese,newKitchen Porter,London W1F,4 days ago
1172,Calibre International,Housekeeping Supervisor,London,14 days ago
1173,Sea Containers London - Housekeeping,Assistant Head Housekeeper,London SE1,15 days ago
1174,Bounce Farringdon,Kitchen Porter,London EC1N,9 days ago
1176,Greenwich Staycity Aparthotels,newNight Porter/Receptionist,Greenwich SE10 8JL,3 days ago
1177,KT&T LTD,newSenior Housekeeper,London E14,2 days ago
1179,Bella Italia St Martin s Lane,newKitchen Porter,London WC2N 4JS,7 days ago
1180,Chroda,newFull Time Cleaning Operative,London SW8,Just posted
1181,The Sloane Club,Room Attendant/Housekeeping- Private Members Club,London SW1W 8BS,12 days ago
1182,Lushlily Cleaning & Housekeeping Services,General housekeeping,Southwark,28 days ago
1183,Shaw Healthcare,newDomestic Supervisor 35 Hours At Maitland Park Care Home,London NW3 2DU,7 days ago
1184,Omni Facilities Management Ltd,newRoom Attendant | London,London,2 days ago
1185,Cleanstart Ltd,Cleaner for School - Enhanced DBS is essential,London SE24 0EL,17 days ago
1186,Fadiga - Ristorante Bolognese,newKitchen Porter,London W1F,4 days ago
1187,Calibre International,Housekeeping Supervisor,London,14 days ago
1188,Sea Containers London - Housekeeping,Assistant Head Housekeeper,London SE1,15 days ago
1189,Bounce Farringdon,Kitchen Porter,London EC1N,9 days ago
1191,Greenwich Staycity Aparthotels,newNight Porter/Receptionist,Greenwich SE10 8JL,3 days ago
1192,KT&T LTD,newSenior Housekeeper,London E14,2 days ago
1194,Bella Italia St Martin s Lane,newKitchen Porter,London WC2N 4JS,7 days ago
