,Role,Company,Area/Zip,Posted Datetime
0,Cleaner,Lidl,West Ealing,a week ago
1,Cleaner,Remora Cleaning,"City of London, London",4 days ago
2,Cleaner,Leaving Care Solutions,London,4 days ago
3,Weekend Cleaner,Deepdene Care Ltd,"Streatham, Greater London",22/07/2021
4,Cleaner,Team CV LTD,"Uxbridge, Greater London",a week ago
5,Cleaner,Randstad CPE,"Wembley, London",22/07/2021
6,Cleaner,Randstad CPE,"Wembley, London",22/07/2021
7,Cleaner,Randstad CPE,"Mitcham, London",a week ago
8,Cleaner,Randstad CPE,"Uxbridge, London",29/07/2021
9,Cleaner,Randstad CPE,"Mitcham, London",a week ago
10,Cleaner,Randstad CPE,"Greenford, London",a week ago
11,Cleaner,Randstad CPE,"Greenford, London",30/07/2021
12,Cleaner,Pertemps Enfield,"City of Westminster, Greater London",21/07/2021
13,Cleaner,Service Care Solutions,"Islington, London",a week ago
14,Cleaner,Daniel Owen Ltd,"Croydon, London",26/07/2021
15,Cleaner,PRS,Poplar,2 weeks ago
16,Cleaner,Pinnacle Group,"Brent, Greater London",19/07/2021
17,Cleaner,Stafforce Recruitment,Poplar,26/07/2021
18,Cleaner,Berry Recruitment,"Croydon, London",21/07/2021
19,Cleaner,Randstad CPE,"Uxbridge, London",21/07/2021
20,Cleaner,Olympic Staff,"Brent, Greater London",4 days ago
21,Cleaner,SkyBlue Solutions,"North London, London",3 days ago
22,Cleaner,Abbatt Property Recruitment,London,a week ago
23,Cleaner,Randstad CPE,"West End, London",28/07/2021
24,Cleaner,Blade Recruitment,"W1C, Marble Arch, Greater London",2 days ago
25,Cleaner,Platinum Recruitment Consultancy,"Brixton, London",28/07/2021
26,Cleaner,AndersElite,London,22/07/2021
27,Cleaner,Ritz Recruitment,Wembley,a week ago
28,Cleaner,Knightwood Associates,"Peckham, London",18/07/2021
29,Cleaner,Multi Trades Recruitment,"SE16, Evelyn, Greater London",21/07/2021
30,Cleaner,Randstad CPE,"North West London, London",a week ago
31,Cleaner,Adecco,London,19/07/2021
32,Cleaner,VGC,"Hillingdon, Greater London",27/07/2021
33,Cleaner,Resourcing Group,"Thornton Heath, London",19/07/2021
34,Cleaner,Insite International,"CR0, Fairfield, Greater London",a week ago
35,Cleaner,Extrastaff,"Edmonton, London",4 days ago
36,Cleaner,Fomac,"HA1, Harrow on the Hill, Greater London",28/07/2021
37,Cleaner,OSP Group Ltd,"W2, Bayswater, Greater London",27/07/2021
38,Cleaner,City Calling,"KT1, Grove, Greater London",27/07/2021
39,Cleaners,JMS Recruitment,"Greenwich, Greater London",21/07/2021
40,Cleaner,Class 1 personnel,"Ealing, Greater London",a week ago
41,CLEANERS,Raven Recruitment,"Bexley, Greater London",2 days ago
42,Cleaner,Right Now Recruitment,"TW6, Stanwell, Surrey",a week ago
43,Cleaner,Think Recruitment,"Enfield, London",20/07/2021
44,Cleaner,Allied Site Services,London,23/07/2021
45,Cleaners - Site clean,DK Recruitment,"W5, Ealing Broadway, Greater London",19/07/2021
46,Event Cleaner,Nu Group,London,2 weeks ago
47,Mobile Cleaner,EMCOR UK,"Enfield, Greater London",a week ago
48,Cleaner / Shunter,National Express Group PLC,Victoria,a week ago
49,Evening Cleaner,Aston Services Group Ltd,London,4 days ago
50,Estate Cleaner,PW Living Ltd,"SW9, Brixton, Greater London",3 days ago
51,Cscs Cleaner,Kemp Services Ltd,London,a week ago
52,Temporary Cleaner,Abbatt Dual Management,"City of London, London",a week ago
53,Cleaner (Weekends),Ballymore Group,"Vauxhall, Greater London",a week ago
54,Cleaning Operative,JPC,"EC2M, Bishopsgate, Greater London",2 days ago
55,Industrial Cleaner,PWA Services Limited,"Newham, Greater London",29/07/2021
56,Estate Cleaner,Abbey Road Housing Co-operative Ltd,"NW6, West Hampstead, Greater London",21/07/2021
57,Deep clean services team leader,Resourcing Group,"West London, London",a week ago
58,General Cleaner,Alida Temp Recruits,London,yesterday
59,Facilities Cleaner,Berry Recruitment,"Croydon, London",21/07/2021
60,Cleaning Operatives,Premier Work Support,"Tower Hamlets, London",2 days ago
61,Cleaning Supervisor,Randstad CPE,"Mitcham, London",yesterday
62,Cleaning Supervisor,Integra People Ltd,"WC2B, Holborn, Greater London",2 days ago
63,Cleaning Operative,S N S Recruitment Ltd,London,3 days ago
64,School Cleaner,Hays Construction and Property,London,27/07/2021
65,Mobile Cleaner,Class 1 personnel,"Lambeth, Greater London",2 days ago
66,Cleaning supervisor,Randstad CPE,"North London, London",yesterday
67,Industrial Cleaners,Clemtech,Paddington,today
68,CSCS Cleaner,Skilled Careers,Canary Wharf,yesterday
69,CSCS Cleaner,Skilled Careers,SW1X 7HY,a week ago
70,CSCS Cleaner,Skilled Careers,SW1X 7HY,a week ago
71,CSCS Cleaner,Skilled Careers,Canary Wharf,2 weeks ago
72,Industrial Cleaners,Barrett Contract Services Ltd,"E16, Royal Docks, Greater London",a week ago
73,Hospital Cleaner,ES Recruitment UK,"Camden, Greater London",27/07/2021
74,CSCS Cleaner,Page Personnel,"City of London, London",29/07/2021
75,Mobile Cleaner,Pinnacle Group,"Hammersmith and Fulham, Greater London",28/07/2021
76,Cleaning Manager,Atalian Servest,London,26/07/2021
77,Cleaner ( Mobile ),Olympic Staff,"Brent, Greater London",20/07/2021
78,Cleaners - temporary,Abbatt Property Recruitment,London,4 days ago
79,Ductwork Cleaner,Penguin Recruitment,"City of London, London",a week ago
80,CSCS Cleaner,Skilled Careers,Uxbridge,a week ago
81,CSCS Cleaner,Skilled Careers,Uxbridge,29/07/2021
82,Cleaning Supervisor,Vertas Group Limited,"SW1V, Victoria, Greater London",2 days ago
83,Residential Cleaner,Pinnacle Group,"SE24, Herne Hill, Greater London",4 days ago
84,Cleaning Operative,Vertas Group Limited,"SW1V, Victoria, Greater London",2 days ago
85,Estate Cleaner,Pinnacle Group,"Lambeth, Greater London",28/07/2021
86,Mobile Cleaner,PDA Search & Selection,"Hounslow, Greater London",a week ago
87,Mobile Cleaner,Pin Point Recruitment,"Wembley, Greater London",a week ago
88,Estate Cleaner,Pin Point Recruitment,"NW10, Stonebridge, Greater London",a week ago
89,CSCS Cleaner,Barker Ross,"Brentford, London",today
90,Industrial Cleaner,Multi Trades Recruitment,"IG11, Barking, Greater London",21/07/2021
91,Evening Cleaner,Berry Recruitment,"Battersea, London",23/07/2021
92,Commercial Cleaners,CMS Recruitment,"Surbiton, London",a week ago
93,Morning Cleaner,HR GO Recruitment,"Wimbledon, London",a week ago
94,Static Cleaner,Pinnacle Group,"Greenwich, Greater London",4 days ago
95,DBS Cleaner,Build Recruitment,Welling,29/07/2021
96,Site Cleaner,Fircroft,Willesden,a week ago
97,Estate Cleaner,Resourcing Group,"South West London, London",a week ago
98,Cleaner / Marshall,Cordant People,Harlesden,yesterday
99,Car Cleaner,Cargiant,"Head Office, London (North West)",21/07/2021
100,Cleaner / Marshall,Cordant People,Harlesden,yesterday
101,Dbs Cleaner,Multi Trades Recruitment,"City of Westminster, Greater London",28/07/2021
102,Cleaner - Part-time,Ethical Property Company,London,a week ago
103,Cleaning Operative,ABM Facility Services UK Ltd,"SW18, Earlsfield, Greater London",today
104,House Cleaner,Go Train,"Tower Hamlets, Greater London",today
105,Water Treatment Clean & Disinfection Engineer,AMI Consulting Ltd,"N5, Highbury East, Greater London",a week ago
106,Clean & Waste Water Pump Engineers,Get Staff,London,23/07/2021
107,Bus Cleaner,Omega Personnel Limited,"N15, Tottenham Green, Greater London",4 days ago
108,Cleaning Supervisor,Contract Options,"SE13, Ladywell, Greater London",4 days ago
109,Hospital Cleaners,Premier Work Support,"South London, London",20/07/2021
110,School Cleaner,Adecco,"Redbridge, London",3 days ago
111,CSCS Cleaner,Romax Site Services Ltd,"Southwark, Greater London",a week ago
112,Assistant Cleaning Manager,JPC,"NW1, Regent's Park, Greater London",3 days ago
113,Office Cleaner,Careland Healthcare Services Ltd,"Aldersgate, Greater London",a week ago
114,Welfare Cleaner,Complete Site Recruitment,"WC2R, Charing Cross, Greater London",19/07/2021
115,Domestic Cleaner,HR GO Recruitment,"East London, London",a week ago
116,Aircraft Cleaners,Staffing Match,"Hounslow, London",a week ago
117,Welfare cleaner,City Calling,"E14, Canary Wharf, Greater London",29/07/2021
118,Cleaner- CSCS,FBR Construction Recruitment,"CR0, Broad Green, Greater London",27/07/2021
119,School Cleaner,Kedleston Group Ltd,"Enfield, Greater London",2 days ago
120,Cleaner CSCS,McGinley Support Services (Infrastructure) Ltd,"Hounslow, London",a week ago
121,Site Cleaner,Tradeline Recruitment,"W4, Southfield, Greater London",27/07/2021
122,Hospital Cleaner,Contract Options,"KT2, Norbiton, Greater London",28/07/2021
123,CSCS Cleaner,Clearfield Recruitment Limited,Poplar,29/07/2021
124,Cleaners in Fulham,Allied Site Services,"Hammersmith and Fulham, Greater London",20/07/2021
125,CSCS Cleaner,Actaris Site Services,"Hillingdon, Greater London",a week ago
126,Cleaning Supervisor,HR GO Recruitment,"East London, London",a week ago
127,Commercial Cleaner,Allied Site Services,"Barking and Dagenham, Greater London",21/07/2021
128,CSCS Cleaner,Goldmills Recruitment Ltd,London,a week ago
129,Commercial Cleaner,Strong Recruitment Group,"South East London, London",today
130,Mobile Cleaner Essex,Phosters FM,"Havering, Greater London",a week ago
131,Cleaning Supervisor - Part-Time,EMCOR UK,London,a week ago
132,Temporary School Cleaners,Travail Employment Group,"Barking, Greater London",20/07/2021
133,Cleaning Operative (Bank),Corus Consultancy,London,yesterday
134,Cleaner/Housekeeper Edgware,UCM Education,"Edgware, London",21/07/2021
135,Estate Cleaning Operative,Pinnacle Group,"Newham, Greater London",28/07/2021
136,Labourer/ Cleaning Operative,1st Step,"West Drayton, London",19/07/2021
137,Cleaner Part Time,Pinnacle Group,"E14, Cubitt Town, Greater London",a week ago
138,CSCS Cleaning Supervisor,Multi Trades Recruitment,"Aldgate, Greater London",today
139,Cleaner with DBS,HR GO Recruitment,"Harrow, London",26/07/2021
140,Account Director - Cleaning,Boden Resource,London,29/07/2021
141,School Caretaker/Cleaner,Remedy Education,"Lewisham, London",4 days ago
142,Cleaner with IPAF,Randstad CPE,"West End, London",28/07/2021
143,Aircraft Cleaner Nights,Aviation Recruitment Network - Heathrow,Longford,29/07/2021
144,Mobile Cleaning Supervisor,Omni RMS,"Enfield, Greater London",4 days ago
145,Cleaning Operations Manager,Executive Network Group,London,yesterday
146,Mobile Cleaning Operative,Pin Point Recruitment,"Lewisham, Greater London",28/07/2021
147,Contract Manager - Cleaning,Executive Network Group,London,22/07/2021
148,"School Cleaner, Lewisham",Remedy Education,"Lewisham, London",2 weeks ago
149,Cleaner Site CSCS,P&M Resources Ltd,"Brentford, London",2 days ago
150,Night Cleaning Operatives,Premier Work Support,"Stratford, London",22/07/2021
151,CSCS Welfare Cleaners,Focus Group,"EC2M, Bishopsgate, Greater London",a week ago
152,Hotel Cleaner - Croydon,AndersElite,London,2 days ago
153,Hospital Cleaning Manager,Omni RMS,"Harefield, Greater London",27/07/2021
154,Night Shift Cleaner,Berry Recruitment,"Edgware, London",a week ago
155,Cleaning Manager - Healthcare,Omni RMS,"UB9, Harefield, Greater London",4 days ago
156,Cleaners (Part Time),Logic 360 Ltd,"Ruislip, London",20/07/2021
157,Part Time Cleaner,Adecco,"Sydenham, London",a week ago
158,Enhanced DBS Cleaner,Build Recruitment,Bexleyheath,27/07/2021
159,Deep Cleaning Assistant,JoRecruitment Limited,"SW11, Sands End, Greater London",a week ago
160,School Cleaning Supervisor,The London Teaching Pool,Greenwich,2 weeks ago
161,AIRCRAFT CLEANER DRIVERS,Staffing Match,"Hounslow, London",19/07/2021
162,Warehouse Cleaning Operative,MH Recruitment,"Hillingdon, Greater London",26/07/2021
163,NHS Hospital Cleaner,Zoom Recruitment,"SM5, Carshalton, Greater London",27/07/2021
164,HOTEL ROOMS CLEANERS,ARVY 24,"Camden, Greater London",2 days ago
165,CSCS Welfare Cleaner,MCG Construction,"Woodford Green, London",29/07/2021
166,Store Cleaning Manager,PDA Search & Selection,"NW9, Burnt Oak, Greater London",4 days ago
167,CLEANERS BRENTFORD/WEMBLEY,Raven Recruitment,"Hounslow, Greater London",a week ago
168,Temp cleaning cover,Interaction Recruitment,Perivale,a week ago
169,CLEANERS SIDCUP AREA,Raven Recruitment,"Bexley, Greater London",9 hours ago
170,Bus Cleaner/Shunter,Omega Personnel Limited,"N13, Bowes, Greater London",29/07/2021
171,Cleaner -Nursing Home,Healthcare Perm Staff,"Hackney, Greater London",yesterday
172,CSCS Welfare Cleaner,Actaris Site Services,"Hounslow, Greater London",5 days ago
173,Part time Cleaner,Jark PLC,EC2P 2EJ,23/07/2021
174,Regional Director - Cleaning,Atalian Servest,London,a week ago
175,Welfare Cleaners in Colchester,Proman,Colchester,yesterday
176,Room Attendant/ Cleaner,Hotelcare,London,today
177,Cleaner shifts - immediate starts,Abbatt Property Recruitment,London,yesterday
178,Cleaners and Caretakers - Immediate Start,Abbatt Property Recruitment,London,a week ago
179,Cleaner - Permanent - E14,Abbatt Property Recruitment,London,a week ago
180,Street Cleaner / Refuse Loader,HL Services (London) Ltd,Lambeth,19/07/2021
181,Domestic Assistant,One Avenue Group,"City of London, Greater London",a week ago
182,*** Cleaning Supervisor - South West London ***,Search Consultancy,"South West London, London",26/07/2021
183,Temporary Caretaker/ Cleaner London,Abbatt Property Recruitment,London,a week ago
184,Morning Cleaner with a DBS,PPM Recruitment,"Battersea, London",4 days ago
185,Cleaner - Basic DBS Required,HR GO Recruitment,"Feltham, London",a week ago
186,Cleaner with Basic DBS,HR GO Recruitment,"Brentford, London",20/07/2021
187,End Of Tenancy Cleaner,Team CV LTD,London,29/07/2021
188,Designate Store Cleaning Manager,PDA Search & Selection,"Brent, Greater London",a week ago
189,Urgent- Welfare Cleaner/Labourer,Anchor Recruitment,"Kew, Greater London",21/07/2021
190,Cleaner with CSCS card,MCG Construction,"Hendon, London",a week ago
191,Deep Cleaning / Clearing operative,Links Recruitment Ltd,"UB8, Uxbridge, Greater London",4 days ago
192,Deep Cleaning / Clearing operative,Links Recruitment Ltd,Aylesbury,3 days ago
193,Cleaning Marshall/General Covid Assistant,Cordant People,Kingston upon Thames,a week ago
194,Cleaner - 3 months £10.55,Adecco,"Uxbridge, London",29/07/2021
195,Business Development Manager - Commercial Cleaning,Executive Network Group,London,a week ago
196,Building cleaners with CSCS card,Blue Arrow,"West End, London",a week ago
197,Housekeeper/Cleaner in a Mental Health Hospital,Service Care Solutions,"Romford, London",a week ago
198,Covid Site Cleaners/General Marshalls,Cordant People,Harlesden,yesterday
199,*** Night Cleaners Needed - Standard DBS Required***,Search Consultancy,"South West London, London",3 days ago
200,Cleaner & Housekeeper - Great rates of pay,Search Consultancy,"City of London, London",yesterday
201,Cleaner / General Marshall - Immediate start - London,Cordant People,Neasden,2 days ago
202,Restoration Operative,1st Step,"East London, London",22/07/2021
203,Service Support Manager,NJC,"SW1E, City of Westminster, Greater London",27/07/2021
204,Field Service & Grease Trap Cleaning Engineer,Pure Staff Ltd,London,20/07/2021
205,Duty Manager,Churchill Services,London,a week ago
206,Covid Test Site Cleaner/Marshall - London (NW10),Cordant People,London,2 days ago
207,PTS Train Cleaner (PTS/Sentinel Card is Required),Ganymede Solutions,Hornsey,a week ago
208,Mobile Engineer,Clean Machines,"SW16, Streatham, Greater London",a week ago
209,Hygiene Operative,Uxbridge Employment Agency,"Greenford, Greater London",23/07/2021
210,Operations Manager - Soft Services,Executive Network Group,London,4 days ago
211,Business Development Manager,Nexus Talent Solutions,London,30/07/2021
212,Hygiene Operative,Vanta Staffing Limited,"Greenford, London",20/07/2021
213,Accommodation Services Assistant,Village Staff Limited,"Blackheath, Greater London",today
214,Housekeeping Supervisor,Signature Senior Lifestyle,Beckenham,a week ago
215,Trade Store Supervisor,Wurth UK Limited,"Croydon, London",22/07/2021
216,Experienced Care & Support Staff,Hinds Care & Support Services,London,a week ago
217,National Account Manager,Mainstay Recruitment Solutions Ltd,London,22/07/2021
218,Water Hygiene Engineer,AMI Consulting Ltd,"SW8, Nine Elms, Greater London",19/07/2021
219,Mitie - Sutton,Cordant People,Sutton,a week ago
220,Mobile Caretaker,Resourcing Group,"North West London, London",a week ago
221,Agency Housekeeper | Up to £11.50PH,Remedicare,"Surbiton, London",27/07/2021
222,Welfare Labourer,Paramount Trades and Labour Ltd,"EC1Y, Bunhill, Greater London",a week ago
223,Nursery Housekeeper,Noddy's Nursery School,"SW19 6SP, West Hill, Greater London",2 weeks ago
224,Water Hygiene Operative,Integrated Water Services.,SW1V 3JD,a week ago
225,School COVID-19 Testers,TimePlan Education,"South East London, London",a week ago
226,Account Manager,Churchill Services,London,a week ago
227,Air Hygiene Technician Supervisor,Rise Technical Recruitment,"Croydon, London",2 weeks ago
228,Associate Director,Boden Resource,SW1E 6SQ,a week ago
229,School Caretaker,JDS Recruitment,"Enfield, Greater London",22/07/2021
230,Water Hygiene Engineer - London,Future Select Recruitment,"City of London, London",26/07/2021
231,Experienced Nursery Person / Assistant Nursery Manager - 44319,Fresh Horticultural Careers,London,4 days ago
232,Water Treatment Engineer (Pre-Commissioning Cleaning) - London & South East,Seriously Connected,London,2 days ago
233,Fire & Flood Restoration Technician x4,Complete Security Recruitment,"RM10, Heath, Greater London",a week ago
234,Yard Operative,Connect4,"Rainham, Greater London",23/07/2021
235,School Caretaker,Active Recruitment,"HA3, Preston, Greater London",22/07/2021
236,General Sweeper Operative,Pertemps Harrow,Harrow Weald,23/07/2021
237,Domestic,Adecco,"Uxbridge, London",26/07/2021
238,Caretaker,Abbatt Property Recruitment,London,2 days ago
239,maintenance,The Rank Group,Hayes,a week ago
240,Covid-19 Test staff required,Empowering Learning,London,28/07/2021
241,"School Caretaker, Lewisham",Remedy Education,"Lewisham, London",20/07/2021
242,Water Hygiene Engineer- South London,Future Select Recruitment,"South London, London",2 days ago
243,"School Lunchtime Supervisor, SEN College",Remedy Education,"Lambeth, London",2 weeks ago
244,Warehouse Operative,Team CV LTD,"Southwark, Greater London",29/07/2021
245,School Lunchtime Supervisor,Remedy Education,"Lewisham, London",4 days ago
246,Block Manager,Inside Avenue Recruitment,"Bromley, Greater London",2 days ago
247,Factory Operative- Quick start - Plenty of Overtime Available,Uxbridge Employment Agency,"Hillingdon, Greater London",23/07/2021
248,School Caretaker,Travail Employment Group,"IG11, Thames, Greater London",4 days ago
249,Health And Safety Manager,ELBRUS PARTNERS,"Barbican, Greater London",20/07/2021
250,Production Operative,Morson Talent,"Enfield, London",19/07/2021
251,Block Manager,Inside Avenue Recruitment,"Bromley, Greater London",2 days ago
252,Electrical 8 - 5 Commercial Maintenance,PRS,London,20/07/2021
253,Walking Mobile Building Services Engineers NEEDED,PRS,London,20/07/2021
254,School Caretaker,Remedy Education,"Lambeth, London",20/07/2021
255,HYGIENE OPERATIVES,Avtav,"TW14, Cranford, Greater London",3 days ago
256,Facilities Contracts and Performance Lead,MLC Partners,London,a week ago
257,Sales Manager,Crystal Facilities Management Ltd,"W3, North Acton, Greater London",yesterday
258,Yard/ Warehouse Operative Thursday to Evening 5.00pm - 1.00am,Adecco,London,a week ago
259,Water Hygiene Engineer - London,Future Select Recruitment,"City of London, London",4 days ago
260,Maintenance Operative -Heights,Streamline Services Consultancy Limited,"Newham, Greater London",2 days ago
261,Room Attendant in London,Corr Recruitment,Ealing,yesterday
262,Practice Manager,Zachary Daniels Recruitment,"Bromley, London",a week ago
263,Warehouse Operative,PMP Recruitment,"Enfield, Greater London",21/07/2021
264,Spray Lining Operative,Clear Engineering Recruitment,"Rainham, London",21/07/2021
265,PRODUCTION OPERATIVE,Adecco,"Edmonton, London",21/07/2021
266,Waiting Staff,Randstad Sales,London,22/07/2021
267,Waiting Staff,Antony James Recruitment Ltd,London,22/07/2021
268,Sort line operative,GKS Recruitment,"DA1, Slade Green, Greater London",22/07/2021
269,Recycling Belt Operative,Corus Consultancy,"South East London, London",22/07/2021
270,School Caretaker - Greenwich,Classic Education,"Greenwich, London",20/07/2021
271,Gutter Clearance/Maintenance Operative,Daniel Owen Ltd,"Newham, London",26/07/2021
272,School caretaker,Hays Construction and Property,London,27/07/2021
273,Porter/Housekeeper in Central London,Corr Recruitment,Southwark,27/07/2021
274,Adult Night Worker- West London,Hays Construction and Property,"West London, London",28/07/2021
275,Housekeeping,London Staffing Solutions,"W2, Paddington, Greater London",a week ago
276,Night Porter - central London hotel,Rhubarb Hospitality Recruitment,"City of Westminster, Greater London",a week ago
277,Class 1 Driver / HGV Driver / Yard Operative,Holt Recruitment Ltd,"Waltham Cross, Hertfordshire",a week ago
278,Warehouse Operative,Class 1 personnel,"UB9, Harefield, Greater London",a week ago
279,Yard/ Warehouse Operative Thursday to Evening 5.00pm - 1.00am,Adecco,London,a week ago
280,Lunchtime Supervisor,Opogo Ltd,"Wandsworth, Greater London",a week ago
281,Estate Grounds Maintenance Operative,Pin Point Recruitment,"Wembley, Greater London",a week ago
282,Bar Staff,Antony James Recruitment Ltd,London,today
283,Estate Operative,Abbatt Property Recruitment,"City of London, London",today
284,Housekeeping Porter,Orion Group,Highlands,6 hours ago
285,Facilities Team Leader,On Line People Limited,"SE23, Forest Hill, Greater London",a week ago
286,Business Development Manager,New Business People Ltd,London,today
287,Hygiene Operative,Extrastaff,"Waltham Forest, London",28/07/2021
288,Water Hygiene Engineer - London,Future Select Recruitment,"City of London, London",27/07/2021
289,Labourer (Nights),Synergy Personnel Limited,"W1B, Oxford Circus, Greater London",3 days ago
290,Marshall Clearance Operative,Supreme Recruitment,"Hounslow, London",30/07/2021
291,Clearance Operative,Supreme Recruitment,"Hounslow, London",4 days ago
292,Room Attendant,Clarity Housekeeping,London,3 days ago
293,Caretaker,Blade Recruitment,"Hackney, Greater London",27/07/2021
294,Facilities Manager (Soft Services),The Management Recruitment Group,"E1, East London, Greater London",27/07/2021
295,Junior Residential Block Manager,Spear Recruitment Ltd,"Croydon, Greater London",28/07/2021
296,Children's Home Registered Manager,DOLPHIN PERSONNEL LTD,"Greenwich, Greater London",3 days ago
297,NIGHT SHIFT - Baker,Requsyol Ltd,"Park Royal, Greater London",5 days ago
298,Facilities Manager - Healthcare/Soft Services,AndersElite,"Bromley, London",26/07/2021
299,Area Manager,Atalian Servest,London,21/07/2021
300,Area Manager,Atalian Servest,London,21/07/2021
301,Path / Weed Clearance Operatives,Supreme Recruitment,"Hounslow, London",a week ago
302,Helpdesk Operative,Randstad CPE,"City of London, London",yesterday
303,Caretaker - NW2,Abbatt Property Recruitment,"North West London, London",3 days ago
304,School Caretaker,Tradewind Recruitment,"Croydon, London",6 days ago
305,Amazon Warehouse Operative,PMP Recruitment,"Wembley, London",2 days ago
306,Food Production Operatives,360 Connections Group Ltd,"Merton, Greater London",yesterday
307,Business Development Manager,BMS Performance,London,27/07/2021
308,Contract Team Leader,Pin Point Recruitment,London,a week ago
309,Accounts Supervisor - 12-month Maternity Cover,Accord Management Services,Greater London,a week ago
310,Assistant Facilities Manager,Acme Appointments,City of London,today
311,COVID Testers needed in Secondary Schools,Seventeen Recruitment,"Kingston upon Thames, Greater London",2 days ago
312,Water Hygiene Engineer - Romford,Future Select Recruitment,"Romford, London",21/07/2021
313,Facilities Manager,The Management Recruitment Group,"SE1, Elephant & Castle, Greater London",26/07/2021
314,Kingston Council - Procurement Manager - Construction,Remedy Medical,"Kingston upon Thames, London",27/07/2021
315,Room Attendant - London,Antony James Recruitment Ltd,London,27/07/2021
316,Assistant Estates Manager,Jack Peters Property Recruitment,"City of London, Greater London",a week ago
317,Production Operative - Wimbledon,Carlton Recruitment Solutions Ltd,"Wimbledon, Greater London",2 weeks ago
318,School Administrator and Receptionist,Remedy Education,"Lambeth, London",29/07/2021
319,Warehouse Operative,Amazon Workforce Staffing,Uxbridge,a week ago
320,Sortation Operative - HP2 7DU - Hemel Hempstead,Amazon Workforce Staffing,Uxbridge,a week ago
321,Amazon Warehouse Operative,Amazon Workforce Staffing,Uxbridge,a week ago
322,Warehouse Operative - From £11.10/hr,Amazon Workforce Staffing,Uxbridge,a week ago
323,Flood and Fire Damage Technical Manager (Ideally be BDMA Accredited)-,Complete Security Recruitment,"Southwark, Greater London",a week ago
324,School Operations Manager,Connaught Resourcing Ltd (Education),"Barnet, London",29/07/2021
325,Assistant Manager,Priority Recruitment,Brixton,a week ago
326,Bar Manager,Blue Rock Jobs Ltd,"Enfield, Greater London",28/07/2021
327,School Operations Manager,Connaught Resourcing Ltd (Education),"Barnet, London",29/07/2021
328,Global Senior Brand Manager (Lifebuoy),Manpower,"City of London, London",a week ago
329,Support Services Operative,Catch 22,Harringay,a week ago
330,School Caretaker,Green Mark Education,"Harrow, Greater London",27/07/2021
331,Property Manager- HMO,Office Collective,"Croydon, Greater London",28/07/2021
332,Part-Time Office Manager,Office Angels,London,a week ago
333,Hospitality Staff,London Staffing Solutions,London,29/07/2021
334,Weekend Domestic Assistant,Eldon Housing Association Ltd,London,20/07/2021
335,Warehouse Operative,Lidl,Belvedere,a week ago
336,Waste Operative,JPC,"Camden, Greater London",2 days ago
337,Warehouse Operative,Olleco,Erith,28/07/2021
338,Team Assistant - 12 month contract initially,Huntress,"Greenwich, London",a week ago
339,FM Client Manager,4Recruitment Services,"SM1, Sutton Central, Greater London",yesterday
340,Night Concierge - London,Abbatt Property Recruitment,London,29/07/2021
341,Accounts Payable Supervisor,Cast UK Limited,"Isleworth, London",23/07/2021
342,Ground Maintenance Operative,Churchill Services,West London,20/07/2021
343,Office Manager,eRecruitSmart,London,29/07/2021
344,Site Manager - Retail Fit Out,DB RECRUITMENT,London,a week ago
345,Covid Support Officer and Driver (D1 License),Supreme Recruitment,"Hounslow, London",a week ago
346,Covid Support Officer and Driver (D1 License) MINIBUS,Supreme Recruitment,"TW3, Hounslow Central, Greater London",6 days ago
347,MINIBUS DRIVER - Covid Support Officer and Driver (D1 License),Supreme Recruitment,"Hounslow, London",a week ago
348,Aircraft Groomers,Staffing Match,"Hounslow, London",a week ago
349,Property Services Administrator,Marks Consulting Partners Limited,London,a week ago
350,Domestic Assistants (Cleaning Assistants),C&C,London,a week ago
351,Housekeeping Assistant,JoRecruitment Limited,"SW3, South Kensington, Greater London",4 days ago
352,Labourer / Yard Operative,Adecco,"Erith, Kent",just now
353,Mobile Test Centre Driver (D1 License) -  Marshall,Supreme Recruitment,"Hounslow, London",2 days ago
354,Operations Manager,Churchill Services,Croydon,4 days ago
355,Premises Manager,Butlers Consultancy,"Hackney, Greater London",a week ago
356,Hygiene Supervisor,Barker Ross,"Park Royal, London",3 days ago
357,Health & Safety Manager,"Thorn Baker Estates, Facilities & Maintenance",Wembley,a week ago
358,Senior Facilities Manager,The Management Recruitment Group,"SW1X, Belgrave Square, Greater London",21/07/2021
359,Housekeeping Assistant- Full Time,Hospital of St John and St Elizabeth,"NW8, Abbey Road, Greater London",today
360,Executive Assistant/ Office Manager,Office Angels,"Croydon, London",23/07/2021
361,Catering Supervisor/Chef,Only FE,Enfield,23/07/2021
362,Live-in Care Assistant (2 weeks /1 month /3 month /6 month contracts),Page 1 Recruitment,London,a week ago
363,Water Hygiene Engineer/Plumber - Croydon,Future Select Recruitment,"Croydon, London",19/07/2021
364,DA6 | Waking Night Carer,SNAP Care,Bexleyheath,21/07/2021
365,part time Office Manager,Huntress,"Hammersmith, London",4 days ago
366,Studio Manager (FM & Office Services),Resourcing Group,"City of London, London",a week ago
367,"Risk Data Control Analyst, Associate",Nomura International Plc,London,a week ago
368,Stock & Maintenance Manager - Film & TV Equipment,RecruitmentRevolution.com,"W3, Acton, Greater London",yesterday
369,Night Support Worker,CareTech UK,"N12, Woodhouse, Greater London",yesterday
370,Studio Manager and Marketing Coordinator,Stonor Search and Selection,London,3 days ago
371,European Retail Loyalty Manager,Pink Recruitment Solutions Ltd,London,3 days ago
372,Housekeeper,MMP Consultancy,"Romford, London",a week ago
373,Cabin Quality Supervisor,Staffing Match,"Hounslow, London",19/07/2021
374,Area Sales Manager – Construction Safety Products,Mitchell Maguire,"EC1A, Clerkenwell, Greater London",22/07/2021
375,Hgv1 Night Driver,LondonEnergy Ltd,"N18, Valley, Greater London",21/07/2021
376,Building Manager (Maternity Cover - 9 months or more),Reception UK,London,4 days ago
377,Customer Relations Manager (Mandarin Speaking),The Berkeley Group Holdings,"Greenwich, Greater London",19/07/2021
378,Marketing Manager,The Berkeley Group Holdings,"Wapping, Greater London",a week ago
379,Night Duty Manager - YHA London St Pancras,Youth Hostel Association,London,30/07/2021
380,Facilities Manager,Blade Recruitment,"EC4N, Cannon Street, Greater London",a week ago
381,Maintenance Operative,Recruitment Services UK,"Kilburn, Greater London",a week ago
382,Maintenance Supervisor,Recruitment Services UK,"CR0, Croydon, Greater London",29/07/2021
383,Night Porter (Front of House),Orion Group,Highlands,6 hours ago
384,Waking Night Support Workers Full time and Part time,Look Ahead Care and Support,"Hounslow, London",29/07/2021
385,Waking Night Support Worker,CareTech UK,"N12, Woodhouse, Greater London",19/07/2021
386,Head of Housekeeping,Solutions Driven,"TW12, Hampton, Greater London",2 days ago
387,School Caretaker,Page Personnel,"Chingford, London",a week ago
388,Director of Commercial & Transformational Services,Coalo Ltd,"TW14, Feltham, Greater London",23/07/2021
389,Driver/Labourer,LondonEnergy Ltd,"N18, Edmonton Green, Greater London",yesterday
390,Operations Manager,Raymond Associates Ltd.,London,5 days ago
391,Deputy Manager,Alexandra Montessori Ltd,"TW3, Hounslow, Greater London",today
392,Regional Manager (Contract Cleaning) - Maternity Cover,Fairford Associates,London,27/07/2021
393,Warehouse Operative- Permanent Full Time,Amazon Workforce Staffing,Bexley,yesterday
394,FEMALE WAKE NIGHT SUPPORT WORKER,CareTech UK,"Arkley, Greater London",a week ago
395,Roofing Operative,Rydon Group,Canning Town,22/07/2021
396,Managed Print Services Technical Consultant,SMarter Recruitment,London,3 days ago
397,Water Hygiene Technician,PDA Search & Selection,"Croydon, Greater London",2 weeks ago
398,Contract Manager,Pinnacle Group,"Lambeth, Greater London",a week ago
399,Estate Operative / Caretaker,Encore Estate Management Ltd,Croydon,2 days ago
400,Office Services Administration Manager and PA,Superb People,"SW1, Latchmere, Greater London",today
401,COVID-19 Site Supervisor,RED Group,"W8, Kensington, Greater London",a week ago
402,Facilities Manager,Total Facilities Recruitment Limited,"EC2N, Broad Street, Greater London",28/07/2021
403,Strategic Business Development Manager,Neom Recruitment Ltd,London,a week ago
404,Assistant Reception Manager,KBC Associates,"City of Westminster, Greater London",20/07/2021
405,Office Manager/ Personal Assistant,Recruitment Services UK,"NW3, Swiss Cottage, Greater London",21/07/2021
406,Premises and Contracts Manager,Recruitment IQ,Sutton,20/07/2021
407,School Cook,Kedleston Group Ltd,"E5, Upper Clapton, Greater London",2 days ago
408,Head of Soft Services,MMP Consultancy,London,3 days ago
409,Office Manager,Matchtech,"Brentford, London",today
410,Practice Manager,Remedicare,"Edgware, London",3 days ago
411,Head of Soft Facilities Management Services,Dutton Recruitment,"West London, London",3 days ago
