,Insta Handles
0,@jonwatts88
1,@ellie.eatseverything
2,@recipebreakout
3,@papamikeskitchen
4,@zenaskitchen
5,@thefoodiefootballer
6,@date_night_dishes
7,@cheese.and.han
8,@cookwithjopratt
9,@janecdevonshire
10,@zarskitchen
11,@famdelites
12,@homecookgeek
13,@gabriellas_kitchen
14,@toon_adough
15,@fiona_dawson
16,@sanjcooks
17,@southcoast_kitchen
18,@nicolevittoria
19,@whipupastorm
20,@foodiegeektrish
21,@mcr.foodie
22,@fatmowcooking
23,@sandeep_cooks
24,@chefromainavril
25,@dolly_olly_oxenfree
26,@ashcamsmith
27,@healthyfitbella
28,@cooklybooklyhq
29,@familyhomecook
30,@adrianapaolella
31,@lovetocook4ppl
32,@nicola_family_kitchen
33,@imtheonewhocooks
34,@keithcooks_
35,@cheflwilz
36,@hungrygirlintoronto
37,@cotswolds_cuisine
38,@ravenousfox
39,@deanedwardschef
40,@vernahungrybanana
41,@jojo_louise_sw
42,@the_goodegg_
43,@sincerelyaline
44,@lululemonandlace
45,@nimitacooks
46,@jemmawatts
47,@chefbenchurchill
48,@sashacakeschicago
49,@toonfatladies
50,@spencooks
51,@synabunoats
52,@bristolianfoodie
53,@amateur_amateurish_cook
54,@ashleysbowl
55,@veggiediaryyy
56,@eatsleepx
57,@eatwithstef
58,@betheatsathome
59,@myfoodjen
60,@nimitacooks
61,@season_to_taste
62,@foodatno4
63,@theduskyfoodie
64,@gayatrisingh
65,@farehamfoodie
66,@thechinesefoodie
67,@foodieroomie
68,@itsinthebag
69,@kceatsin
70,@letseatwild
71,@garlips
72,@foodbyjackk
73,@howhungry
74,@judgefoodie_
75,@chefnormanmusa
76,@purely_healthy_living
77,@omega.eats
78,@royalfoodieofrajasthan
79,@hecooksshesnaps
80,@lockdowncuisine_
81,@hungrylittlebears
82,@eating.with.emma
83,@emi.eats
84,@lilofoodie
85,@mahaliandco
86,@soothed.by.food
87,@grillfun
88,@thisjewcanque
89,@misshangry
90,@thestdntchef
91,@colincreates
92,@kezscran
93,@eatyourselfgreek
94,@our_cookingjourney
95,@chefcynthialouise
96,@bigdaddyfoodie
97,@food_with_george
98,@eatwithruss
99,@finefoodswithfinewax
100,@absolutelyjodes
101,@anjuladevi
102,@caldesi
103,@nathanoutlaw
104,@sophbradshaw
105,@spicyprawnxx
106,@girleatsin
107,@foster_food
108,@scarlettvfit
109,@food.brb
110,@eatwithxavier
111,@_foodislifeandlove_
112,@pingcoombes
113,@bboxfood
114,@windsor__foodie
115,@betterfoodguru
116,@foodiefrancis
117,@parisvegantouch
118,@sophieglass
119,@cleireny
120,@thehangryblonde
121,@brunchinpairs
122,@theinsidebite
123,@pleasing.palates
124,@sarahingram1
125,@turnerandgeorge
126,@scrummytummies
127,@littlechefizzy
128,@3bfred
129,@blackgarlicco
130,@eatlikeafoodie
131,@pettyelliottskitchen
132,@s4shan
133,@myraphasma
134,@mrs_durbridge_home
135,@gemsfood2020
136,@livthepositivefooodie
137,@recipeasy
138,@sarchakra
139,@allthepiglets
140,@kim.skitchen
141,@kouturekitchens
142,@gate58
143,@mymoonlightingkitchen
144,@its.chloeh
145,@cassidyrrrose
146,@vickilovesfood
147,@chischomps
148,@cuminculture
149,@olivier
150,@jonshomekitchen
151,@jamesthefoodiedad
152,@baking_mommy_by_amal
153,@jackieajewski
154,@thepaulgood
155,@cookingbymeg
156,@thegkchef
157,@_emmaeatsss
158,@weightlosswithmaisie
159,@knife.fork.spoon.
160,@all_the_worlds_a_plate
161,@cookwiththeheart
162,@thegourmetdoctor
163,@cookingella
164,@takeawaysecret
165,@sdscooks
166,@love.food.sa
167,@richardeats_
168,@bakefour
169,@bensondinner
170,@kimberlyslimmingjourney
171,@arisas_tiny_baking_world
172,@tobycooks
173,@yo.itz.phoebe
174,@mazaingarm
175,@meallionheir
176,@likeamicrobecowboy
177,@counting_zacros
178,@tatycraves
179,@garythebbqchef
180,@greedymizdee
181,@tbfood
182,@deliverdeli
183,@lovergrlh
184,@urbnherd
185,@forcocktailsake
186,@monicageller
187,@the.ambrosia.co
188,@mattsslimming_food
189,@charlixa
190,@dorasfoodjourney
191,@eliza
192,@thelittlelifeofshazzap
193,@foodyoulovetosee
194,@darrenpurchese
195,@thechristianmiller
196,@makingismymedicine
197,@clodagh_mckenna
198,@ausrusslandmitliebe
199,@divachef412
200,@fmaythemes
201,@thoseblissfulbites
202,@thearianefrydman
203,@cookingwithsaman
204,@stacyz
205,@miggylovesfood
206,@whatmattmakes
207,@evolvehealth
208,@leeshandlemons
209,@khyatipandey
210,@sineyrecipes
211,@thestarvingdaughter
212,@chefwcj
213,@sophxbakes
214,@jerishomekitchen
215,@authentic_punjabee
216,@the_londondiary
217,@sprockeatsvegan
218,@palateculinaryacademy
219,@teethatcooks
220,@chefsinshirts
221,@freddycb
222,@buffetthevampireslayer
223,@indianblondeefood
224,@ourhouseofmunch
225,@dinner_with_b
226,@kuruviskitchentrails
227,@frankiemccay
228,@nuttyasafruitcakebakes
229,@hannahs.plates
230,@fedbyred
231,@icookasia
232,@liunova
233,@thewobblychef
234,@padronstreetfood
235,@joeskitchen
236,@the.lockdown.chef
237,@charlottekidd.eats
238,@alexkitchen
239,@arimichaelides
240,@mia
241,@livbyfood
242,@lauriesfoodanddrink
243,@healthwithhannahdiane
244,@ellicesplates
245,@goodfoodtales
246,@veg_foodaholic
247,@afrodyeteskitchen
248,@nataliethedestroyer
249,@abril_tasteofmexico
250,@simplybyjimmy
251,@morethanbadcompany
252,@mozaalwari
253,@arenaofdream
254,@palette_611
255,@lililoveseating
256,@yorkshirehomecook
257,@foodbycourts
258,@sliceofgourmet
259,@blewsfoods
260,@chefmrandmrs
261,@tumrieats
262,@anythoughts
263,@oliverkercher
264,@theantwerpkitchen
265,@aussiechefdino
266,@adamdixonfood
267,@emilychaston
268,@harrythorncooks
269,@texykitchen
270,@janeyfoodlover
271,@comedinewithchloe
272,@stabile_seitanlage
273,@lifediethealth
274,@happyfoodhealer
275,@brieandmozzarella
276,@nathchefandfitness
277,@savannasfood
278,@feastwithfoxy
279,@cookinwithmalika
280,@dulcisinfundo
281,@cookingcurve
282,@yummyfoodwithife
283,@currysmoodles
284,@in.my.bowl
285,@tabithas.kitchen
286,@kyladjamila
287,@kingseatanddrink
288,@thebruisedfrypan
289,@knifeandsoul
290,@healthwithchi
291,@elterrible
292,@veganveggieview
293,@frin
294,@nathparrychef
295,@in_cucinacon_sofia
296,@veganbyholly
297,@more_grub
298,@gourmetmusafir
299,@spurweezy
300,@cookinginmyzone
301,@owen.cooks.eats
302,@justamanwholikesfood
303,@thenakedblondie
304,@nyc_to_london
305,@adannaya13542
306,@asliceofparadise
307,@kristinas_culinary
308,@foodbynatasha_
309,@lifeispeachy
310,@pastry_chef_rynn
311,@medinaroseskitchen
312,@raqsflavours
313,@chillijoncarne
314,@faithlsp
315,@dine_by_sarah
316,@iamjoginder
317,@dorangyn
318,@just_beingjules
319,@cj_karlsson
320,@cookingwithanadi
321,@foodymandy
322,@mrslovegoodfood
323,@goodeatsmanc
324,@foodandpug_
325,@northerngirleats
326,@foodtravelplanet
327,@gabisgoodiess
328,@thefoodspotss
329,@grubwithgriff
330,@deepfriedbread
331,@travelfondu
332,@hawaeatss
333,@makingameal
334,@stopnchaat
335,@meatthecook
336,@jademakesfood
337,@italianfamilykitchen
338,@foodworthcelebrating
339,@chefpaulbrown
340,@nezumouse
341,@elleofataste
342,@asmitabd
343,@onlaurasplate
344,@teddys_plate
345,@feast_street
346,@thatisdelish
347,@cravensince92
348,@corianderandlime_
349,@inaraa_yoga
350,@alicooksfood
351,@wheresthefoodfran
352,@eatinwitheva
353,@thebakingbuddha1
354,@millennial_menu_
355,@homemadesauce__
356,@www.thehealthyworks.com
357,@emmawattsfordinner
358,@srilankanepicure
359,@feedingthefridgeraiders
360,@ladysookiechae
361,@chefgarywolfguiney
362,@whatbecbakes
363,@themrskathsymes
364,@walkingonglitterandsunshine
365,@chefandhismrs
366,@elfoodielife
367,@daveyhall
368,@kalioreximelbourne
369,@thedewijones
370,@highproofpreacher
371,@barprints
372,@mousetrapbites
373,@thelondonappetite
374,@sarahs_everyday_living
375,@thehungryseed
376,@twolittlesandwhiches
377,@ellacartefood
378,@sophiehyam
379,@supercooker
