,Role,Area/Zip,Posted Datetime
0,â–„â–„â–„â–„â–„â–„â–„â–„â–„â–„â–„â–„â–„â–„â–„â–„â–„â–„â–„â–„,â–„â–„â–„â–„â–„â–„â–„â–„â–„â–„,â–„â–„â–„â–„â–„â–„
1,Choose a Local Domestic Cleaner - from 12/h - Discount on First 3 Cleans - House Cleaners,"Southwark, London","Ad posted 
11 days ago"
2,"Domestic & Commercial Cleaning, End of Tenancy Cleaning, Carpet & Oven Cleaning, Office cleaning","Westminster, London","Ad posted 
3 days ago"
3,London: Choose a Domestic Cleaner (House Cleaner) from Â£12/h - Discount First 3 Cleans,"Hyde Park, London","Ad posted 
11 days ago"
4,Domestic Cleaner 2 days a week Â£14 per hour,"Clapham, London","Ad posted 
1 day ago"
5,Domestic cleaning service.Regular and one off cleaning,"Earls Court, London","Ad posted 
2 days ago"
6,"EXPERIENCE CLEANER; Croydon, Purley, Sanderstand, Caterham, Coulsdon, Kenley","South Croydon, London","Ad posted 
2 days ago"
7,"Magic Dusters, Domestic cleaner available, same day cleaning, end of tenancy","Acton, London","Ad posted 
2 days ago"
8,Domestic cleaning service.Regular and one off cleaning,"Earls Court, London","Ad posted 
2 days ago"
9,"Steam Clean Carpets From 17Â£, Sofa Cleaning, Rugs, Mattresses, End of Tenancy, Car Upholstery Clean","Walthamstow, London","Ad posted 
2 days ago"
10,"Professional Cleaner,Top quality End ofTenancy Cleaning,Good Domestic Cleaner,House Cleaner","North West London, London","Ad posted 
2 days ago"
11,Professional cleaning services. All London. Short notice.,"Balham, London","Ad posted 
2 days ago"
12,Professional cleaning services. End off tenancy. All London.,"Fulham, London","Ad posted 
2 days ago"
13,PROFESSIONAL CLEANING SERVICE! REGULAR DOMESTIC AND OFFICE CLEANING! E,"Acton, London","Ad posted 
2 days ago"
14,Professional cleaning services. All London. Short notice.,"Hammersmith, London","Ad posted 
2 days ago"
15,Professional cleaning services. All London. Short notice.,"Kensington, London","Ad posted 
2 days ago"
16,Professional cleaning services. Permanent and One off cleaning.,"Clapham Junction, London","Ad posted 
2 days ago"
17,Professional East Europe cleaners. Short notice. All London.,"Canada Water, London","Ad posted 
2 days ago"
18,PROFESSIONAL CLEANING TEAM! REGULAR DOMESTIC AND OFFICE CLEANING!,"Kennington, London","Ad posted 
2 days ago"
19,East Europe cleaners! Regular and one off cleaning! All London!,"Battersea, London","Ad posted 
2 days ago"
20,"Window cleaner , gutter cleaning","Kingston, London","Ad posted 
2 days ago"
21,Cleaning service,"Bromley, London","Ad posted 
3 days ago"
22,Lowest Price Guaranteed Short Notice Professional Deep Clean - End of Tenancy Clean-Move in Cleaning,"Ilford, London","Ad posted 
3 days ago"
23,Perfect & Guaranteed End of Tenancy Deep Clean - Short Notice - Lowest Price - Carpet Wash,"Canning Town, London","Ad posted 
3 days ago"
24,Perfect ğŸ‘ End of Tenancy Cleaning ğŸ‘ Move in or out Deep Clean ğŸ‘ Free carpet wash,"Surrey Quays, London","Ad posted 
3 days ago"
25,End of Tenancy cleaning - Special Offer Free carpet wash - Deep Clean - Domestic Clean,"Ilford, London","Ad posted 
3 days ago"
26,End of Tenancy Deep clean ğŸ‘Œ Professional Services ğŸ‘Œ Short Notice Cleaning ğŸ‘Œ Low Cost,"Bethnal Green, London","Ad posted 
3 days ago"
27,ğŸ‘Œ Fully Guaranteed ğŸ‘Œ End of Tenancy Deep clean ğŸ‘Œ Professional Services ğŸ‘Œ Short Notice Cleaning,"Canary Wharf, London","Ad posted 
3 days ago"
28,Cheapest End of Tenancy Clean- carpet wash-Move in or Out Cleaning,"Bow, London","Ad posted 
3 days ago"
29,Deep Clean - End of Tenancy Cleaning with Free carpet wash - domestic clean,"Chingford, London","Ad posted 
3 days ago"
30,Guaranteed End of Tenancy Deep clean - Free Carpet shampoo wash - Short Notice,"Canary Wharf, London","Ad posted 
3 days ago"
31,â–„â–„â–„â–„â–„â–„â–„â–„â–„â–„â–„â–„â–„â–„â–„â–„â–„â–„â–„â–„,â–„â–„â–„â–„â–„â–„â–„â–„â–„â–„,â–„â–„â–„â–„â–„â–„
32,Domestic Cleaner 2 days a week Â£14 per hour,"Clapham, London","Ad posted 
1 day ago"
33,Domestic cleaning service.Regular and one off cleaning,"Earls Court, London","Ad posted 
2 days ago"
34,Choose a Local Domestic Cleaner - from 12/h - Discount on First 3 Cleans - House Cleaners,"Southwark, London","Ad posted 
11 days ago"
35,"Domestic & Commercial Cleaning, End of Tenancy Cleaning, Carpet & Oven Cleaning, Office cleaning","Westminster, London","Ad posted 
3 days ago"
36,"Choose a Reliable Domestic Cleaner, from Â£12/h - Discount On First 3 Cleans - House Cleaners","Hackney, London","Ad posted 
11 days ago"
37,"EXPERIENCE CLEANER; Croydon, Purley, Sanderstand, Caterham, Coulsdon, Kenley","South Croydon, London","Ad posted 
2 days ago"
38,"Magic Dusters, Domestic cleaner available, same day cleaning, end of tenancy","Acton, London","Ad posted 
2 days ago"
39,Domestic cleaning service.Regular and one off cleaning,"Earls Court, London","Ad posted 
2 days ago"
40,"Steam Clean Carpets From 17Â£, Sofa Cleaning, Rugs, Mattresses, End of Tenancy, Car Upholstery Clean","Walthamstow, London","Ad posted 
2 days ago"
41,"Professional Cleaner,Top quality End ofTenancy Cleaning,Good Domestic Cleaner,House Cleaner","North West London, London","Ad posted 
2 days ago"
42,Professional cleaning services. All London. Short notice.,"Balham, London","Ad posted 
2 days ago"
43,Professional cleaning services. End off tenancy. All London.,"Fulham, London","Ad posted 
2 days ago"
44,PROFESSIONAL CLEANING SERVICE! REGULAR DOMESTIC AND OFFICE CLEANING! E,"Acton, London","Ad posted 
2 days ago"
45,Professional cleaning services. All London. Short notice.,"Hammersmith, London","Ad posted 
2 days ago"
46,Professional cleaning services. All London. Short notice.,"Kensington, London","Ad posted 
2 days ago"
47,Professional cleaning services. Permanent and One off cleaning.,"Clapham Junction, London","Ad posted 
2 days ago"
48,Professional East Europe cleaners. Short notice. All London.,"Canada Water, London","Ad posted 
2 days ago"
49,PROFESSIONAL CLEANING TEAM! REGULAR DOMESTIC AND OFFICE CLEANING!,"Kennington, London","Ad posted 
2 days ago"
50,East Europe cleaners! Regular and one off cleaning! All London!,"Battersea, London","Ad posted 
2 days ago"
51,"Window cleaner , gutter cleaning","Kingston, London","Ad posted 
2 days ago"
52,Cleaning service,"Bromley, London","Ad posted 
3 days ago"
53,Lowest Price Guaranteed Short Notice Professional Deep Clean - End of Tenancy Clean-Move in Cleaning,"Ilford, London","Ad posted 
3 days ago"
54,Perfect & Guaranteed End of Tenancy Deep Clean - Short Notice - Lowest Price - Carpet Wash,"Canning Town, London","Ad posted 
3 days ago"
55,Perfect ğŸ‘ End of Tenancy Cleaning ğŸ‘ Move in or out Deep Clean ğŸ‘ Free carpet wash,"Surrey Quays, London","Ad posted 
3 days ago"
56,End of Tenancy cleaning - Special Offer Free carpet wash - Deep Clean - Domestic Clean,"Ilford, London","Ad posted 
3 days ago"
57,End of Tenancy Deep clean ğŸ‘Œ Professional Services ğŸ‘Œ Short Notice Cleaning ğŸ‘Œ Low Cost,"Bethnal Green, London","Ad posted 
3 days ago"
58,ğŸ‘Œ Fully Guaranteed ğŸ‘Œ End of Tenancy Deep clean ğŸ‘Œ Professional Services ğŸ‘Œ Short Notice Cleaning,"Canary Wharf, London","Ad posted 
3 days ago"
59,Cheapest End of Tenancy Clean- carpet wash-Move in or Out Cleaning,"Bow, London","Ad posted 
3 days ago"
60,Deep Clean - End of Tenancy Cleaning with Free carpet wash - domestic clean,"Chingford, London","Ad posted 
3 days ago"
61,Guaranteed End of Tenancy Deep clean - Free Carpet shampoo wash - Short Notice,"Canary Wharf, London","Ad posted 
3 days ago"
62,â–„â–„â–„â–„â–„â–„â–„â–„â–„â–„â–„â–„â–„â–„â–„â–„â–„â–„â–„â–„,â–„â–„â–„â–„â–„â–„â–„â–„â–„â–„,â–„â–„â–„â–„â–„â–„
63,Domestic cleaning service.Regular and one off cleaning,"Earls Court, London","Ad posted 
2 days ago"
64,London: Choose a Domestic Cleaner (House Cleaner) from Â£12/h - Discount First 3 Cleans,"Hyde Park, London","Ad posted 
11 days ago"
65,"Choose a Domestic Cleaner, Pick a Time - from 12/h - Discount On First 3 Cleans (House Cleaners)","Ealing, London","Ad posted 
11 days ago"
66,"Domestic & Commercial Cleaning, End of Tenancy Cleaning, Carpet & Oven Cleaning, Office cleaning","Westminster, London","Ad posted 
3 days ago"
67,Choose a Local Domestic Cleaner - from 12/h - Discount on First 3 Cleans - House Cleaners,"Southwark, London","Ad posted 
11 days ago"
68,Short Notice - End of Tenancy clean + Free Carpet Wash - fully Guaranteed - Regular Domestic Clean,"Isle of Dogs, London","Ad posted 
3 days ago"
69,Cheap End of Tenancy clean - Carpet shampoo wash -Domestic clean - Guranteed Service,"Barking, London","Ad posted 
3 days ago"
70,Airbnb Cleaning - Professional Cleaning - End of Tenancy Cleaning - Carpet Wash - Check out Cleaning,"Whitechapel, London","Ad posted 
3 days ago"
71,Guranteed & Low Cost End of Tenancy Cleaning - Short Notice - Professional Domestic Cleaning Team,"Gants Hill, London","Ad posted 
3 days ago"
72,Professional End of Tenancy Cleaning - Regular Domestic Cleaning - Free Carpet Deep Wash offer,"Canary Wharf, London","Ad posted 
3 days ago"
73,Perfect ğŸ‘ End of Tenancy Cleaning - Move in or out Deep Clean - Free carpet wash,"Hackney, London","Ad posted 
3 days ago"
74,End of Tenancy clean + Discount Carpet Wash - Deep Cleaning - Domestic Cleaning,"Redbridge, London","Ad posted 
3 days ago"
75,100% Guranteed End of Tenancy Cleaning - Short Notice - Deep Clean - Carpet Clean -Domestic Cleaning,"Stoke Newington, London","Ad posted 
3 days ago"
76,END OF TENANCY CLEANING SERVICES ONE OFF DEEP CLEANS AFTER-BUILDERS CLEANS. AVAILABILITY,"Dagenham, London","Ad posted 
3 days ago"
77,"Professional,Domestic Cleaner,Reliable Cleaning Lady,House Cleaner,End of Tenancy Cleaning,Cleaner","South East London, London","Ad posted 
3 days ago"
78,Emilia's cleaning,"Richmond, London","Ad posted 
3 days ago"
79,End of Tenancy /One Off Cleaning Service /Carpet Clean /Oven /After Builders /Domestic /Home /Office,"Greenwich, London","Ad posted 
3 days ago"
80,End of Tenancy /One Off Cleaning Service /Carpet Clean /Oven /After Builders /Domestic /Home /Office,"Harrow, London","Ad posted 
3 days ago"
81,Domestic Cleaner Available immediately,"Queens Park, London","Ad posted 
3 days ago"
82,Cleaning Service,"Heathrow, London","Ad posted 
3 days ago"
83,"Domestic & Commercial Cleaning, End of Tenancy Cleaning, Carpet & Oven Cleaning, Office cleaning","Ilford, London","Ad posted 
3 days ago"
84,"Domestic & Commercial Cleaning, End of Tenancy Cleaning, Carpet & Oven Cleaning, Office cleaning","Camden Town, London","Ad posted 
3 days ago"
85,"Domestic & Commercial Cleaning, End of Tenancy Cleaning, Carpet & Oven Cleaning, Office cleaning","Battersea, London","Ad posted 
3 days ago"
86,"Domestic & Commercial Cleaning, End of Tenancy Cleaning, Carpet & Oven Cleaning, Office cleaning","Harrow, London","Ad posted 
3 days ago"
87,"Domestic & Commercial Cleaning, End of Tenancy Cleaning, Carpet & Oven Cleaning, Office cleaning","Ealing, London","Ad posted 
3 days ago"
88,"Domestic & Commercial Cleaning, End of Tenancy Cleaning, Carpet & Oven Cleaning, Office cleaning","Ealing, London","Ad posted 
3 days ago"
89,"Domestic & Commercial Cleaning, End of Tenancy Cleaning, Carpet & Oven Cleaning, Office cleaning","Barking, London","Ad posted 
3 days ago"
90,"Domestic & Commercial Cleaning, End of Tenancy Cleaning, Carpet & Oven Cleaning, Office cleaning","Stratford, London","Ad posted 
3 days ago"
91,"Domestic & Commercial Cleaning, End of Tenancy Cleaning, Carpet & Oven Cleaning, Office cleaning","Hounslow, London","Ad posted 
3 days ago"
92,"Domestic & Commercial Cleaning, End of Tenancy Cleaning, Carpet & Oven Cleaning, Office cleaning","Hounslow, London","Ad posted 
3 days ago"
93,â–„â–„â–„â–„â–„â–„â–„â–„â–„â–„â–„â–„â–„â–„â–„â–„â–„â–„â–„â–„,â–„â–„â–„â–„â–„â–„â–„â–„â–„â–„,â–„â–„â–„â–„â–„â–„
94,"Domestic & Commercial Cleaning, End of Tenancy Cleaning, Carpet & Oven Cleaning, Office cleaning","Westminster, London","Ad posted 
3 days ago"
95,"Choose a Domestic Cleaner, Pick a Time - from 12/h - Discount On First 3 Cleans (House Cleaners)","Ealing, London","Ad posted 
11 days ago"
96,"Office cleaning services from Â£12/h, Commercial cleaning, Regular office cleaning","City of London, London","Ad posted 
5 days ago"
97,Domestic Cleaner 2 days a week Â£14 per hour,"Clapham, London","Ad posted 
1 day ago"
98,Choose a Local Domestic Cleaner - from 12/h - Discount on First 3 Cleans - House Cleaners,"Southwark, London","Ad posted 
11 days ago"
99,"Domestic & Commercial Cleaning, End of Tenancy Cleaning, Carpet & Oven Cleaning, Office cleaning","Paddington, London","Ad posted 
3 days ago"
100,"Domestic & Commercial Cleaning, End of Tenancy Cleaning, Carpet & Oven Cleaning, Office cleaning","Ilford, London","Ad posted 
3 days ago"
101,"Domestic & Commercial Cleaning, End of Tenancy Cleaning, Carpet & Oven Cleaning, Office cleaning","Ilford, London","Ad posted 
3 days ago"
102,"End of Tenancy Cleaning ,Deep Cleaning ,House Cleaning Services ,Move In Cleaning ,Spring Cleaning","Canary Wharf, London","Ad posted 
3 days ago"
103,"Domestic & Commercial Cleaning, End of Tenancy Cleaning, Carpet & Oven Cleaning, Office cleaning","Westminster, London","Ad posted 
3 days ago"
104,"Efficiently,Thoroughly,End of Tenancy Cleaning,Domestic Cleaner,Cleaner,House Cleaner,Cleaning Lady","North West London, London","Ad posted 
3 days ago"
105,Cleaner wanted,"Chingford, London","Ad posted 
3 days ago"
106,Looking for a professional and Reliable Cleaner? Get in touch TODAY - End of Tenancy - Commercial,"Camberwell, London","Ad posted 
4 days ago"
107,Cleaning service,"Brentford, London","Ad posted 
4 days ago"
108,house cleaning service,"Lewisham, London","Ad posted 
4 days ago"
109,Reliable Domestic Cleaner Wanted - Sidcup,"Sidcup, London","Ad posted 
4 days ago"
110,ğŸ’ğŸ’ALL LONDON CHEAPEST BEST END OF TENANCY CLEANING-GUARANTEED CLEAN-ğŸ’ğŸ’,"Twickenham, London","Ad posted 
4 days ago"
111,ğŸ’ğŸ’SHORTNOTICE CHEAPEST END OF TENANCY CLEANING ğŸ’ALL LONDON COVERED,"Stratford, London","Ad posted 
4 days ago"
112,ğŸ’ğŸ’SHORT NOTICE CHEAPEST END OF TENANCY CLEANING-CARPET CLEANING ALL LONDON COVERED,"South West London, London","Ad posted 
4 days ago"
113,ğŸ’ğŸ’SHORTNOTICE ALL LONDON ğŸ’CHEAPEST END OF TENANCY CLEANING-AFTER BUILDING CLEANğŸ’,"North London, London","Ad posted 
4 days ago"
114,ğŸ’ğŸ’SHORTNOTICE ALL LONDONğŸ’BEST CHEAPEST END OF TENANCY CLEANiNG-,"South East London, London","Ad posted 
4 days ago"
115,Do you need a domestic cleaner or housekeeper?,"Wimbledon, London","Ad posted 
4 days ago"
116,Cleaners required,London,"Ad posted 
4 days ago"
117,ADMIRABLE WITCH PROFESSIONAL END OF TENANCY/DOMESTIC CLEANING SERVICE,"Hounslow, London","Ad posted 
4 days ago"
118,Domestic cleaning in west London,"Hounslow, London","Ad posted 
4 days ago"
119,"Brilliant,Domestic Cleaner,End of Tenancy Cleaning,1-off,Regular Cleaner,House Cleaner,Cleaning Lady","Central London, London","Ad posted 
4 days ago"
120,50% OFF PROFESSIONAL STEAM CARPET AND UPHOLSTERY CLEANING/STAIN REMOVAL - Woolwich -,"Woolwich, London","Ad posted 
4 days ago"
121,"Shampoo Carpet Cleaning, Sofas, End of Tenancy, Rugs, Hard Floors & Jet wash Cleaning","Isleworth, London","Ad posted 
4 days ago"
122,Ironing,"Kingston, London","Ad posted 
5 days ago"
123,"EXPERIENCED CLEANERS, OFFICE CLEANING SERVICES FROM Â£12/h, COMMERCIAL CLEANING, TRAINED CLEANERS","Liverpool Street, London","Ad posted 
5 days ago"
124,â–„â–„â–„â–„â–„â–„â–„â–„â–„â–„â–„â–„â–„â–„â–„â–„â–„â–„â–„â–„,â–„â–„â–„â–„â–„â–„â–„â–„â–„â–„,â–„â–„â–„â–„â–„â–„
125,"Office cleaning services from Â£12/h, Commercial cleaning, Regular office cleaning","City of London, London","Ad posted 
5 days ago"
126,London: Choose a Domestic Cleaner (House Cleaner) from Â£12/h - Discount First 3 Cleans,"Hyde Park, London","Ad posted 
11 days ago"
127,Choose a Local Domestic Cleaner - from 12/h - Discount on First 3 Cleans - House Cleaners,"Southwark, London","Ad posted 
11 days ago"
128,"Domestic & Commercial Cleaning, End of Tenancy Cleaning, Carpet & Oven Cleaning, Office cleaning","Westminster, London","Ad posted 
3 days ago"
129,Domestic Cleaner 2 days a week Â£14 per hour,"Clapham, London","Ad posted 
1 day ago"
130,"Commercial Cleaning Services from Â£12/h, Office cleaning service, Experienced Cleaners","Islington, London","Ad posted 
5 days ago"
131,"Office cleaning services from Â£12/h, Commercial cleaning, Regular office cleaning","City of London, London","Ad posted 
5 days ago"
132,"Commercial cleaning from Â£12/h, Regular office cleaning services","Westminster, London","Ad posted 
5 days ago"
133,"Office cleaning services from Â£12/h, Commercial cleaning service, Regular cleaning","Camden, London","Ad posted 
5 days ago"
134,"Office cleaning services from Â£12/h, Commercial cleaning, Experienced cleaners","Chelsea, London","Ad posted 
5 days ago"
135,"Commercial Cleaning Services from Â£12/h, Office Cleaning, Regular Cleaning","Marylebone, London","Ad posted 
5 days ago"
136,Window cleaning services,"Camden, London","Ad posted 
5 days ago"
137,"Domestic Cleaning Services in North London (END OF TENANCY, DEEP CLEANING)","Enfield, London","Ad posted 
5 days ago"
138,Cleaning service,"Surrey Quays, London","Ad posted 
5 days ago"
139,Cleaner Required,"Queens Park, London","Ad posted 
5 days ago"
140,Domestic Cleaner - Personal Organising - Closet Organising,"Waterloo, London","Ad posted 
5 days ago"
141,"11Â£ an hour/Detailed,Spotless,End of Tenancy Cleaning,Cleaner,Domestic Cleaner,Cleaning Lady","North West London, London","Ad posted 
5 days ago"
142,Contract and Non Contract Professional Cleaning Service,"Enfield, London","Ad posted 
5 days ago"
143,Cleaning lady with experienced in houses and offices,"Redbridge, London","Ad posted 
5 days ago"
144,Cleaning lady with experienced in houses and comercial offices,"Barking, London","Ad posted 
5 days ago"
145,Cleaning lady with experienced in houses and comercial offices,"Stratford, London","Ad posted 
5 days ago"
146,Cleaning lady with experienced in houses and comercial offices,"Romford, London","Ad posted 
5 days ago"
147,Cleaning lady with experienced in houses and offices,"Canning Town, London","Ad posted 
5 days ago"
148,Cleaning Services,"Brentford, London","Ad posted 
5 days ago"
149,PROFESSIONAL DOMESTIC DEEP CLEANING & IRONING SERVICE BY PRIVATE CLEANER AVAILABLE IN ZONES 1-2.,"Surrey Quays, London","Ad posted 
5 days ago"
150,"Cleaning, Ironing and Housekeeping","Kingsbury, London","Ad posted 
5 days ago"
151,â­END OF TENANCY CLEANINGâ­MOVE IN CLEANSâ­,"Hackney, London","Ad posted 
6 days ago"
152,â­END OF TENANCY CLEANINGâ­MOVE IN CLEANSâ­,"Tower Hamlets, London","Ad posted 
6 days ago"
153,â­END OF TENANCY CLEANINGâ­MOVE IN CLEANSâ­,"Greenwich, London","Ad posted 
6 days ago"
154,â­END OF TENANCY CLEANINGâ­MOVE IN CLEANSâ­,"Romford, London","Ad posted 
6 days ago"
155,â–„â–„â–„â–„â–„â–„â–„â–„â–„â–„â–„â–„â–„â–„â–„â–„â–„â–„â–„â–„,â–„â–„â–„â–„â–„â–„â–„â–„â–„â–„,â–„â–„â–„â–„â–„â–„
156,"Rated, Domestic Cleaners (House Cleaners), from Â£12 p.h. - Discount On First 3 Cleans","Newham, London","Ad posted 
1 day ago"
157,London: Choose a Domestic Cleaner (House Cleaner) from Â£12/h - Discount First 3 Cleans,"Hyde Park, London","Ad posted 
11 days ago"
158,Domestic cleaning service.Regular and one off cleaning,"Earls Court, London","Ad posted 
2 days ago"
159,Choose a Local Domestic Cleaner - from 12/h - Discount on First 3 Cleans - House Cleaners,"Southwark, London","Ad posted 
11 days ago"
160,"Choose a Domestic Cleaner, Pick a Time - from 12/h - Discount On First 3 Cleans (House Cleaners)","Ealing, London","Ad posted 
11 days ago"
161,ADMIRABLE WITCH PROFESSIONAL END OF TENANCY/DOMESTIC CLEANING SERVICE,"Uxbridge, London","Ad posted 
6 days ago"
162,Cleaning service,"Redbridge, London","Ad posted 
6 days ago"
163,CLEANING AND IRONING SERVICE,"Kingston, London","Ad posted 
6 days ago"
164,Professional Domestic Cleaning Services / OlenaCleaning LTD,"Islington, London","Ad posted 
6 days ago"
165,Professional Domestic Cleaning Services / OlenaCleaning LTD,"Stratford, London","Ad posted 
6 days ago"
166,Gutter Cleaning Services! Call Now for Free Estimate!,"Romford, London","Ad posted 
7 days ago"
167,Cleaning service,"Catford, London","Ad posted 
7 days ago"
168,"We don'tJustClean,WeReallyScrub,House Cleaner,End of Tenancy Cleaning,Cleaning Lady,Domestic Cleaner","East London, London","Ad posted 
7 days ago"
169,"Natalia, House, flat cleaning, ironing, Â£10 per hour, not agency","Tower Bridge, London","Ad posted 
7 days ago"
170,ğŸ’ğŸ’SHORTNOTICE CHEAPEST END OF TENANCY CLEANING -ALL LONDON COVERED,"Romford, London","Ad posted 
7 days ago"
171,ğŸ’ğŸ’CHEAPEST END OF TENANCY CLEANINGğŸ’AFTER BUILD CLEANğŸ’ALL LONDONğŸ’CHECKOUT WORK PICTURES,"Kilburn, London","Ad posted 
7 days ago"
172,Looking for a good cleaner for tomorrow,"Forest Hill, London","Ad posted 
7 days ago"
173,Holland Park: Part-time Housekeeper/Cleaner,"Kensington, London","Ad posted 
7 days ago"
174,Professional Domestic Cleaning Services / OlenaCleaning LTD,"Canning Town, London","Ad posted 
7 days ago"
175,Cleaning service,"Brixton, London","Ad posted 
7 days ago"
176,"Domestic Cleaner SW16,Balham,Clapham,Tooting","Norbury, London","Ad posted 
7 days ago"
177,50% OFF PROFESSIONAL CARPET AND UPHOLSTERY STEAM CLEANING - STAIN REMOVAL - Dulwich -,"Dulwich, London","Ad posted 
7 days ago"
178,A domestic house cleaner required in W10,"Notting Hill, London","Ad posted 
7 days ago"
179,"COMMERCIAL CLEANING, HOUSE, FLAT, VACATION HOME AND OFFICE CLEANING SERVICES","Islington, London","Ad posted 
7 days ago"
180,"PROFESSIONAL DOMESTIC,DEEP,END OF TENANCY,ONE OFF,AFTER BUILDING CLEAN","Isle of Dogs, London","Ad posted 
7 days ago"
181,"Steam Clean from Â£17 - Carpets, Sofas, Rugs, Mattresses, End of Tenancy, Jet Wash & Hard Floors","Bermondsey, London","Ad posted 
7 days ago"
182,Professional Domestic Cleaning Services / OlenaCleaning LTD,"Islington, London","Ad posted 
8 days ago"
183,Professional Domestic Cleaning Services / OlenaCleaning LTD,"City of London, London","Ad posted 
8 days ago"
184,"Domestic Cleaner,available,Cleaning Lady,offers,Deep.End of Tenancy Cleaning,ReliableRegular,Cleaner","West London, London","Ad posted 
8 days ago"
185,R & D ironing services,"Lewisham, London","Ad posted 
8 days ago"
